timestamp,temperature,vibration,pressure,rotational_speed
2026-01-01 00:00:00,70.457,0.4774,30.203,1504.5
2026-01-01 00:00:01,68.44,0.4667,30.716,1498.9
2026-01-01 00:00:02,71.126,0.5217,30.219,1517.3
2026-01-01 00:00:03,71.411,0.5126,31.791,1512.1
2026-01-01 00:00:04,67.073,0.4298,31.144,1440.3
2026-01-01 00:00:05,68.047,0.5561,29.754,1510.9
2026-01-01 00:00:06,70.192,0.4953,29.746,1479.9
2026-01-01 00:00:07,69.526,0.4445,30.376,1471.6
2026-01-01 00:00:08,69.975,0.5594,29.33,1496.2
2026-01-01 00:00:09,68.72,0.5313,30.933,1508.2
2026-01-01 00:00:10,71.319,0.4368,30.289,1467.2
2026-01-01 00:00:11,71.167,0.5889,30.205,1514.1
2026-01-01 00:00:12,70.099,0.5329,30.55,1515.3
2026-01-01 00:00:13,71.691,0.4995,31.378,1500.9
2026-01-01 00:00:14,70.701,0.5795,30.137,1482.6
2026-01-01 00:00:15,68.711,0.508,29.91,1480.4
2026-01-01 00:00:16,70.553,0.4986,31.207,1520.5
2026-01-01 00:00:17,68.562,0.467,30.774,1469.8
2026-01-01 00:00:18,71.318,0.5291,29.743,1521.3
2026-01-01 00:00:19,69.925,0.5238,30.004,1496.7
2026-01-01 00:00:20,69.723,0.5007,30.156,1498.1
2026-01-01 00:00:21,68.979,0.4605,30.289,1465.8
2026-01-01 00:00:22,71.834,0.5065,28.915,1497.1
2026-01-01 00:00:23,69.768,0.4965,28.766,1512.3
2026-01-01 00:00:24,69.358,0.4333,29.29,1473.3
2026-01-01 00:00:25,69.472,0.4264,29.228,1510.0
2026-01-01 00:00:26,70.798,0.5283,29.485,1501.8
2026-01-01 00:00:27,70.548,0.3699,30.508,1487.1
2026-01-01 00:00:28,70.619,0.5103,29.865,1517.1
2026-01-01 00:00:29,70.646,0.4761,30.157,1456.0
2026-01-01 00:00:30,73.212,0.5654,29.021,1506.9
2026-01-01 00:00:31,69.39,0.4753,29.631,1532.4
2026-01-01 00:00:32,69.232,0.533,30.47,1528.8
2026-01-01 00:00:33,68.779,0.4802,30.476,1507.8
2026-01-01 00:00:34,70.924,0.5057,29.42,1494.0
2026-01-01 00:00:35,71.693,0.5368,30.129,1487.3
2026-01-01 00:00:36,69.829,0.4769,31.759,1493.9
2026-01-01 00:00:37,68.74,0.5498,29.986,1510.9
2026-01-01 00:00:38,68.763,0.4503,29.445,1483.9
2026-01-01 00:00:39,70.976,0.5147,29.861,1515.1
2026-01-01 00:00:40,71.115,0.5461,30.074,1542.7
2026-01-01 00:00:41,70.815,0.533,29.879,1498.8
2026-01-01 00:00:42,69.002,0.5958,29.975,1473.1
2026-01-01 00:00:43,90.927,1.2706,19.547,1473.1
2026-01-01 00:00:44,70.175,0.431,29.23,1515.5
2026-01-01 00:00:45,70.328,0.4503,29.881,1498.8
2026-01-01 00:00:46,71.307,0.533,29.868,1517.5
2026-01-01 00:00:47,70.335,0.5249,29.547,1489.3
2026-01-01 00:00:48,71.018,0.5051,29.858,1516.6
2026-01-01 00:00:49,70.101,0.4439,30.049,1496.8
2026-01-01 00:00:50,70.434,0.5383,30.712,1485.3
2026-01-01 00:00:51,70.947,0.4388,29.921,1492.0
2026-01-01 00:00:52,67.814,0.5579,30.319,1476.1
2026-01-01 00:00:53,69.52,0.6429,29.567,1539.8
2026-01-01 00:00:54,69.294,0.5183,30.458,1498.1
2026-01-01 00:00:55,69.042,0.5292,30.301,1512.9
2026-01-01 00:00:56,69.587,0.4754,30.693,1489.3
2026-01-01 00:00:57,72.242,0.4095,30.571,1479.0
2026-01-01 00:00:58,68.701,0.4699,30.471,1495.3
2026-01-01 00:00:59,71.452,0.4454,29.921,1522.0
2026-01-01 00:01:00,67.476,0.4276,30.196,1489.6
2026-01-01 00:01:01,69.498,0.5861,30.851,1482.6
2026-01-01 00:01:02,70.244,0.5136,29.478,1503.1
2026-01-01 00:01:03,70.879,0.519,29.497,1510.0
2026-01-01 00:01:04,71.067,0.4845,30.145,1532.9
2026-01-01 00:01:05,71.19,0.4914,30.332,1507.1
2026-01-01 00:01:06,69.477,0.5482,29.341,1512.9
2026-01-01 00:01:07,69.306,0.4984,29.94,1514.4
2026-01-01 00:01:08,71.287,0.5265,29.925,1476.9
2026-01-01 00:01:09,69.713,0.4902,28.228,1480.7
2026-01-01 00:01:10,68.086,0.4829,29.824,1478.3
2026-01-01 00:01:11,68.3,0.4297,29.874,1473.4
2026-01-01 00:01:12,68.621,0.4011,29.872,1515.9
2026-01-01 00:01:13,70.746,0.4869,31.133,1505.8
2026-01-01 00:01:14,70.214,0.5028,29.027,1501.6
2026-01-01 00:01:15,71.036,0.4357,29.34,1448.1
2026-01-01 00:01:16,69.359,0.4983,27.91,1541.1
2026-01-01 00:01:17,70.238,0.5027,29.615,1482.1
2026-01-01 00:01:18,70.938,0.3922,29.683,1541.0
2026-01-01 00:01:19,69.536,0.4542,29.592,1471.0
2026-01-01 00:01:20,70.685,0.5204,30.886,1483.8
2026-01-01 00:01:21,69.007,0.5194,30.688,1455.9
2026-01-01 00:01:22,69.455,0.4423,30.062,1507.2
2026-01-01 00:01:23,69.427,0.5079,29.704,1478.0
2026-01-01 00:01:24,68.206,0.5511,30.821,1478.5
2026-01-01 00:01:25,70.73,0.5389,29.984,1472.5
2026-01-01 00:01:26,69.296,0.4952,29.345,1515.5
2026-01-01 00:01:27,70.019,0.4766,28.627,1514.2
2026-01-01 00:01:28,70.721,0.4685,29.647,1536.2
2026-01-01 00:01:29,70.67,0.5234,30.604,1486.3
2026-01-01 00:01:30,70.998,0.5098,31.821,1504.4
2026-01-01 00:01:31,69.852,0.5315,30.049,1474.2
2026-01-01 00:01:32,69.365,0.5066,29.388,1493.3
2026-01-01 00:01:33,69.88,0.5409,29.052,1489.6
2026-01-01 00:01:34,67.469,0.5047,30.442,1509.3
2026-01-01 00:01:35,67.829,0.5392,28.588,1520.3
2026-01-01 00:01:36,68.016,0.5435,30.44,1519.8
2026-01-01 00:01:37,68.504,0.4598,30.654,1483.1
2026-01-01 00:01:38,70.6,0.4096,30.349,1520.0
2026-01-01 00:01:39,68.642,0.5772,29.824,1499.1
2026-01-01 00:01:40,69.433,0.5128,30.452,1493.5
2026-01-01 00:01:41,71.949,0.4143,30.137,1485.8
2026-01-01 00:01:42,69.466,0.4643,29.378,1488.8
2026-01-01 00:01:43,71.106,0.5386,31.48,1534.8
2026-01-01 00:01:44,68.6,0.486,29.719,1506.1
2026-01-01 00:01:45,69.692,0.4744,30.621,1503.5
2026-01-01 00:01:46,68.575,0.57,28.065,1494.8
2026-01-01 00:01:47,69.491,0.4476,31.021,1548.9
2026-01-01 00:01:48,71.26,0.4601,31.175,1526.1
2026-01-01 00:01:49,67.409,0.5106,30.024,1485.6
2026-01-01 00:01:50,70.652,0.5195,30.447,1494.5
2026-01-01 00:01:51,70.357,0.5248,30.447,1495.7
2026-01-01 00:01:52,69.109,0.5456,29.486,1502.9
2026-01-01 00:01:53,67.831,0.5099,30.438,1486.0
2026-01-01 00:01:54,70.108,0.5245,29.353,1508.8
2026-01-01 00:01:55,69.206,0.487,29.513,1529.0
2026-01-01 00:01:56,70.349,0.5031,30.902,1473.7
2026-01-01 00:01:57,70.033,0.5054,30.78,1477.4
2026-01-01 00:01:58,72.403,0.5108,29.435,1490.3
2026-01-01 00:01:59,69.641,0.5386,29.413,1491.3
2026-01-01 00:02:00,68.465,0.5278,29.484,1540.0
2026-01-01 00:02:01,70.269,0.5022,30.586,1520.0
2026-01-01 00:02:02,70.33,0.4595,29.2,1518.9
2026-01-01 00:02:03,72.039,0.5034,30.285,1494.7
2026-01-01 00:02:04,71.253,0.4986,30.597,1494.3
2026-01-01 00:02:05,70.535,0.5097,29.929,1471.0
2026-01-01 00:02:06,72.195,0.6103,30.808,1515.6
2026-01-01 00:02:07,68.217,0.4738,29.757,1509.8
2026-01-01 00:02:08,69.04,0.5211,29.829,1525.7
2026-01-01 00:02:09,68.61,0.5534,29.218,1495.8
2026-01-01 00:02:10,69.415,0.5049,30.814,1497.2
2026-01-01 00:02:11,67.935,0.6169,29.387,1503.4
2026-01-01 00:02:12,70.953,0.4811,30.28,1517.8
2026-01-01 00:02:13,69.667,0.5162,29.943,1470.6
2026-01-01 00:02:14,67.794,0.4601,29.158,1514.7
2026-01-01 00:02:15,68.477,0.4824,29.513,1499.6
2026-01-01 00:02:16,70.47,0.5124,31.106,1478.8
2026-01-01 00:02:17,71.257,0.5423,30.161,1458.3
2026-01-01 00:02:18,72.995,0.516,29.193,1497.3
2026-01-01 00:02:19,74.371,0.563,30.244,1529.0
2026-01-01 00:02:20,70.622,0.4953,29.883,1533.5
2026-01-01 00:02:21,68.516,0.4834,32.763,1507.1
2026-01-01 00:02:22,66.802,0.6352,30.228,1539.2
2026-01-01 00:02:23,70.402,0.5197,29.696,1499.1
2026-01-01 00:02:24,68.781,0.464,31.136,1519.1
2026-01-01 00:02:25,69.377,0.4653,28.527,1491.0
2026-01-01 00:02:26,69.082,0.4529,30.075,1489.7
2026-01-01 00:02:27,69.789,0.5468,31.596,1486.4
2026-01-01 00:02:28,71.599,0.4818,29.907,1458.8
2026-01-01 00:02:29,70.236,0.5064,28.613,1525.7
2026-01-01 00:02:30,69.762,0.4968,29.683,1487.2
2026-01-01 00:02:31,68.447,0.5366,31.164,1484.0
2026-01-01 00:02:32,67.488,0.4577,30.301,1476.4
2026-01-01 00:02:33,69.271,0.4462,29.329,1495.9
2026-01-01 00:02:34,69.919,0.5112,29.452,1535.3
2026-01-01 00:02:35,72.652,0.53,29.552,1541.9
2026-01-01 00:02:36,70.195,0.5166,30.289,1466.8
2026-01-01 00:02:37,71.474,0.4595,31.071,1492.9
2026-01-01 00:02:38,69.251,0.5339,30.842,1479.3
2026-01-01 00:02:39,68.223,0.4628,30.365,1519.8
2026-01-01 00:02:40,68.552,0.4739,28.935,1505.7
2026-01-01 00:02:41,68.912,0.4528,28.938,1487.3
2026-01-01 00:02:42,73.193,0.5651,30.427,1501.5
2026-01-01 00:02:43,68.768,0.5317,28.924,1490.5
2026-01-01 00:02:44,71.258,0.5302,29.82,1532.3
2026-01-01 00:02:45,68.646,0.5624,30.243,1510.9
2026-01-01 00:02:46,71.397,0.6406,29.09,1513.4
2026-01-01 00:02:47,70.577,0.4145,29.181,1446.7
2026-01-01 00:02:48,69.765,0.4631,29.925,1498.7
2026-01-01 00:02:49,69.939,0.4692,30.403,1541.7
2026-01-01 00:02:50,69.018,0.4575,30.849,1526.5
2026-01-01 00:02:51,70.669,0.4461,30.486,1463.1
2026-01-01 00:02:52,69.318,0.485,30.059,1493.7
2026-01-01 00:02:53,68.162,0.4392,29.403,1476.0
2026-01-01 00:02:54,68.083,0.5168,29.143,1534.2
2026-01-01 00:02:55,70.259,0.5026,29.591,1504.9
2026-01-01 00:02:56,72.369,0.5241,30.328,1484.6
2026-01-01 00:02:57,70.24,0.5254,30.269,1500.7
2026-01-01 00:02:58,69.822,0.5302,28.32,1447.9
2026-01-01 00:02:59,70.429,0.4813,29.371,1478.3
2026-01-01 00:03:00,71.959,0.6061,30.964,1500.7
2026-01-01 00:03:01,70.329,0.5117,30.063,1516.9
2026-01-01 00:03:02,69.384,0.4069,28.866,1461.2
2026-01-01 00:03:03,71.659,0.4499,31.885,1492.4
2026-01-01 00:03:04,70.643,0.413,29.977,1520.2
2026-01-01 00:03:05,72.304,0.5009,30.307,1471.0
2026-01-01 00:03:06,70.275,0.4939,30.32,1504.6
2026-01-01 00:03:07,68.163,0.4766,29.706,1501.3
2026-01-01 00:03:08,67.948,0.6005,29.418,1534.3
2026-01-01 00:03:09,72.476,0.5274,31.697,1495.4
2026-01-01 00:03:10,72.585,0.5363,30.803,1496.6
2026-01-01 00:03:11,69.731,0.4534,30.658,1517.1
2026-01-01 00:03:12,69.425,0.45,30.461,1473.5
2026-01-01 00:03:13,72.192,0.5018,29.197,1495.6
2026-01-01 00:03:14,68.339,0.5087,31.022,1490.9
2026-01-01 00:03:15,68.658,0.4072,29.325,1497.2
2026-01-01 00:03:16,70.965,0.491,30.227,1517.0
2026-01-01 00:03:17,69.408,0.5007,28.688,1511.1
2026-01-01 00:03:18,69.992,0.4892,28.367,1485.0
2026-01-01 00:03:19,69.755,0.4593,30.255,1502.7
2026-01-01 00:03:20,70.506,0.473,29.353,1529.8
2026-01-01 00:03:21,72.111,0.4912,28.409,1483.4
2026-01-01 00:03:22,70.136,0.5045,30.432,1502.9
2026-01-01 00:03:23,70.966,0.5302,31.696,1496.1
2026-01-01 00:03:24,66.925,0.554,31.112,1498.7
2026-01-01 00:03:25,69.927,0.4853,29.794,1467.4
2026-01-01 00:03:26,68.735,0.4772,30.007,1528.2
2026-01-01 00:03:27,68.172,0.5219,30.71,1484.5
2026-01-01 00:03:28,68.683,0.5305,30.898,1520.5
2026-01-01 00:03:29,69.499,0.4783,29.725,1487.6
2026-01-01 00:03:30,71.374,0.5395,30.027,1487.5
2026-01-01 00:03:31,68.01,0.549,30.24,1524.3
2026-01-01 00:03:32,70.046,0.5646,30.443,1519.9
2026-01-01 00:03:33,69.274,0.5889,29.894,1504.2
2026-01-01 00:03:34,69.508,0.4567,29.904,1515.2
2026-01-01 00:03:35,71.504,0.5007,31.104,1494.2
2026-01-01 00:03:36,70.807,0.5006,30.968,1499.8
2026-01-01 00:03:37,72.006,0.4951,30.382,1486.8
2026-01-01 00:03:38,69.768,0.4675,31.375,1518.1
2026-01-01 00:03:39,68.956,0.4257,29.691,1486.1
2026-01-01 00:03:40,69.664,0.5046,31.298,1529.7
2026-01-01 00:03:41,70.364,0.4616,30.434,1493.7
2026-01-01 00:03:42,70.265,0.5043,32.617,1500.4
2026-01-01 00:03:43,68.373,0.4603,29.046,1515.2
2026-01-01 00:03:44,70.136,0.445,29.449,1500.5
2026-01-01 00:03:45,70.342,0.5117,30.335,1494.0
2026-01-01 00:03:46,73.776,0.5075,30.318,1499.4
2026-01-01 00:03:47,72.815,0.529,31.56,1517.9
2026-01-01 00:03:48,68.72,0.6093,29.465,1486.7
2026-01-01 00:03:49,69.569,0.5139,30.724,1497.5
2026-01-01 00:03:50,67.805,0.5243,30.93,1500.2
2026-01-01 00:03:51,69.114,0.4461,30.564,1517.3
2026-01-01 00:03:52,70.473,0.4357,29.231,1498.0
2026-01-01 00:03:53,71.809,0.5791,31.126,1536.2
2026-01-01 00:03:54,68.906,0.4538,30.983,1496.9
2026-01-01 00:03:55,69.019,0.4478,30.48,1495.2
2026-01-01 00:03:56,66.779,0.498,30.163,1496.6
2026-01-01 00:03:57,69.756,0.4955,30.181,1473.7
2026-01-01 00:03:58,68.406,0.4549,29.937,1479.3
2026-01-01 00:03:59,69.206,0.4848,30.513,1489.4
2026-01-01 00:04:00,68.685,0.5615,30.025,1522.7
2026-01-01 00:04:01,69.859,0.4597,29.321,1499.3
2026-01-01 00:04:02,67.363,0.4303,29.161,1490.3
2026-01-01 00:04:03,67.799,0.5471,29.398,1524.5
2026-01-01 00:04:04,73.194,0.5246,30.178,1531.0
2026-01-01 00:04:05,68.069,0.469,29.978,1525.1
2026-01-01 00:04:06,68.355,0.4209,30.172,1482.9
2026-01-01 00:04:07,72.755,0.4628,30.401,1490.1
2026-01-01 00:04:08,74.358,0.4973,29.498,1536.3
2026-01-01 00:04:09,68.243,0.5583,31.173,1504.8
2026-01-01 00:04:10,69.448,0.4482,29.786,1494.6
2026-01-01 00:04:11,70.512,0.4958,29.653,1514.4
2026-01-01 00:04:12,72.593,0.5338,30.386,1520.1
2026-01-01 00:04:13,68.52,0.3809,28.531,1488.6
2026-01-01 00:04:14,69.632,0.5517,29.368,1504.4
2026-01-01 00:04:15,71.166,0.4409,30.785,1518.5
2026-01-01 00:04:16,70.652,0.5166,28.61,1476.8
2026-01-01 00:04:17,69.436,0.5123,30.894,1500.2
2026-01-01 00:04:18,69.799,0.5542,31.209,1477.7
2026-01-01 00:04:19,67.938,0.5275,29.704,1480.3
2026-01-01 00:04:20,69.643,0.3811,30.233,1488.7
2026-01-01 00:04:21,69.6,0.4608,30.895,1509.5
2026-01-01 00:04:22,70.348,0.5069,29.627,1493.6
2026-01-01 00:04:23,69.167,0.4903,30.694,1487.0
2026-01-01 00:04:24,70.707,0.5239,29.463,1501.0
2026-01-01 00:04:25,71.519,0.5395,29.618,1477.1
2026-01-01 00:04:26,70.233,0.5304,29.361,1508.6
2026-01-01 00:04:27,70.528,0.4893,30.274,1522.6
2026-01-01 00:04:28,70.08,0.4077,30.926,1498.4
2026-01-01 00:04:29,70.0,0.4772,29.853,1495.9
2026-01-01 00:04:30,97.127,2.2649,19.472,1507.5
2026-01-01 00:04:31,70.475,0.4455,29.134,1459.4
2026-01-01 00:04:32,69.854,0.5316,30.316,1510.7
2026-01-01 00:04:33,73.14,0.5454,31.475,1562.0
2026-01-01 00:04:34,72.36,0.5063,30.315,1497.5
2026-01-01 00:04:35,70.579,0.3468,29.69,1497.6
2026-01-01 00:04:36,68.855,0.4361,30.613,1514.9
2026-01-01 00:04:37,68.331,0.5943,29.808,1532.9
2026-01-01 00:04:38,71.787,0.4727,29.697,1519.5
2026-01-01 00:04:39,70.394,0.4008,29.233,1456.9
2026-01-01 00:04:40,70.72,0.5618,31.127,1511.3
2026-01-01 00:04:41,67.383,0.5007,27.969,1551.4
2026-01-01 00:04:42,71.391,0.5552,30.638,1512.4
2026-01-01 00:04:43,70.682,0.5138,29.629,1476.9
2026-01-01 00:04:44,68.334,0.5229,29.672,1505.6
2026-01-01 00:04:45,69.293,0.5182,31.354,1474.4
2026-01-01 00:04:46,70.396,0.5349,29.429,1524.7
2026-01-01 00:04:47,70.079,0.6139,29.456,1480.9
2026-01-01 00:04:48,69.562,0.5486,29.896,1501.5
2026-01-01 00:04:49,69.845,0.421,30.331,1482.8
2026-01-01 00:04:50,69.622,0.5223,29.647,1489.1
2026-01-01 00:04:51,70.229,0.5571,28.741,1529.7
2026-01-01 00:04:52,72.207,0.5601,29.307,1502.1
2026-01-01 00:04:53,87.226,1.6861,25.615,1488.8
2026-01-01 00:04:54,69.645,0.5582,30.06,1477.1
2026-01-01 00:04:55,70.265,0.5464,30.361,1462.6
2026-01-01 00:04:56,70.444,0.6286,29.791,1475.0
2026-01-01 00:04:57,69.442,0.4625,29.472,1502.2
2026-01-01 00:04:58,67.365,0.4746,31.342,1519.6
2026-01-01 00:04:59,94.903,2.6924,22.27,1488.8
2026-01-01 00:05:00,72.591,0.4755,29.645,1531.4
2026-01-01 00:05:01,67.699,0.4555,30.877,1485.6
2026-01-01 00:05:02,71.296,0.3619,29.422,1495.2
2026-01-01 00:05:03,69.507,0.4783,29.524,1478.4
2026-01-01 00:05:04,69.908,0.5185,30.008,1519.8
2026-01-01 00:05:05,68.421,0.4753,30.0,1542.0
2026-01-01 00:05:06,69.498,0.5968,30.208,1464.8
2026-01-01 00:05:07,71.95,0.5007,31.673,1493.1
2026-01-01 00:05:08,70.874,0.5646,30.269,1525.3
2026-01-01 00:05:09,72.598,0.5131,28.098,1471.1
2026-01-01 00:05:10,71.766,0.5413,30.261,1511.3
2026-01-01 00:05:11,70.659,0.514,30.03,1524.4
2026-01-01 00:05:12,72.616,0.5684,30.035,1501.6
2026-01-01 00:05:13,70.658,0.5028,30.197,1511.0
2026-01-01 00:05:14,71.242,0.5248,29.977,1535.2
2026-01-01 00:05:15,69.555,0.5183,29.958,1539.0
2026-01-01 00:05:16,70.1,0.4856,30.49,1498.8
2026-01-01 00:05:17,68.954,0.5202,29.566,1489.4
2026-01-01 00:05:18,71.484,0.6117,29.242,1481.6
2026-01-01 00:05:19,68.233,0.4865,32.419,1519.5
2026-01-01 00:05:20,71.174,0.521,29.427,1472.6
2026-01-01 00:05:21,69.714,0.5629,30.08,1494.9
2026-01-01 00:05:22,71.757,0.557,28.803,1502.1
2026-01-01 00:05:23,71.126,0.5006,30.093,1489.9
2026-01-01 00:05:24,72.731,0.3808,29.253,1505.6
2026-01-01 00:05:25,71.096,0.5258,29.646,1551.3
2026-01-01 00:05:26,67.642,0.389,30.836,1497.6
2026-01-01 00:05:27,69.9,0.5735,30.378,1491.3
2026-01-01 00:05:28,68.242,0.5085,30.455,1520.3
2026-01-01 00:05:29,69.223,0.55,28.583,1504.8
2026-01-01 00:05:30,72.267,0.4549,31.47,1528.8
2026-01-01 00:05:31,70.956,0.4224,29.046,1503.3
2026-01-01 00:05:32,68.952,0.513,31.223,1495.0
2026-01-01 00:05:33,68.479,0.4983,30.817,1464.3
2026-01-01 00:05:34,70.049,0.4754,30.462,1467.6
2026-01-01 00:05:35,68.175,0.5042,29.316,1463.3
2026-01-01 00:05:36,68.993,0.6384,30.121,1507.6
2026-01-01 00:05:37,70.468,0.5417,29.623,1472.8
2026-01-01 00:05:38,71.733,0.5525,30.023,1525.1
2026-01-01 00:05:39,70.913,0.5422,29.8,1500.6
2026-01-01 00:05:40,66.563,0.574,28.369,1495.1
2026-01-01 00:05:41,70.457,0.4905,30.897,1483.1
2026-01-01 00:05:42,70.108,0.3973,29.935,1512.4
2026-01-01 00:05:43,70.621,0.4906,29.612,1483.9
2026-01-01 00:05:44,72.424,0.5406,29.552,1480.3
2026-01-01 00:05:45,66.905,0.4515,30.287,1523.8
2026-01-01 00:05:46,69.113,0.4912,29.285,1507.1
2026-01-01 00:05:47,70.886,0.4654,28.196,1495.3
2026-01-01 00:05:48,67.628,0.5751,30.326,1512.8
2026-01-01 00:05:49,72.214,0.5375,30.415,1500.2
2026-01-01 00:05:50,70.553,0.5326,29.84,1507.7
2026-01-01 00:05:51,71.27,0.5311,29.082,1483.7
2026-01-01 00:05:52,69.144,0.4981,30.071,1541.4
2026-01-01 00:05:53,71.221,0.5099,28.828,1488.4
2026-01-01 00:05:54,71.603,0.4407,29.178,1531.1
2026-01-01 00:05:55,70.349,0.3907,29.399,1496.2
2026-01-01 00:05:56,70.352,0.5075,30.675,1516.1
2026-01-01 00:05:57,70.406,0.5162,29.71,1514.7
2026-01-01 00:05:58,68.705,0.5605,29.642,1522.9
2026-01-01 00:05:59,69.779,0.5786,31.564,1483.2
2026-01-01 00:06:00,69.771,0.5785,30.282,1521.5
2026-01-01 00:06:01,70.575,0.4501,30.271,1536.9
2026-01-01 00:06:02,71.5,0.4824,29.704,1494.8
2026-01-01 00:06:03,68.412,0.524,29.523,1500.7
2026-01-01 00:06:04,69.812,0.6266,28.251,1489.5
2026-01-01 00:06:05,72.222,0.574,30.775,1493.1
2026-01-01 00:06:06,68.885,0.556,30.359,1534.2
2026-01-01 00:06:07,68.767,0.4806,29.857,1479.9
2026-01-01 00:06:08,70.303,0.4558,29.89,1481.2
2026-01-01 00:06:09,71.267,0.5394,30.589,1532.2
2026-01-01 00:06:10,70.017,0.445,28.756,1512.5
2026-01-01 00:06:11,71.993,0.4881,29.528,1542.4
2026-01-01 00:06:12,71.285,0.4943,29.091,1491.0
2026-01-01 00:06:13,71.263,0.5796,31.417,1502.5
2026-01-01 00:06:14,70.831,0.4823,30.701,1486.8
2026-01-01 00:06:15,73.491,0.378,28.238,1502.9
2026-01-01 00:06:16,69.692,0.5252,28.789,1464.5
2026-01-01 00:06:17,66.995,0.465,29.894,1513.7
2026-01-01 00:06:18,72.406,0.5021,29.622,1506.5
2026-01-01 00:06:19,69.313,0.4957,28.94,1498.8
2026-01-01 00:06:20,70.162,0.4863,31.556,1492.2
2026-01-01 00:06:21,71.964,0.5395,30.25,1482.1
2026-01-01 00:06:22,67.597,0.4234,30.38,1514.6
2026-01-01 00:06:23,68.123,0.4741,29.446,1476.6
2026-01-01 00:06:24,67.598,0.5342,30.578,1510.2
2026-01-01 00:06:25,68.809,0.4693,29.696,1541.5
2026-01-01 00:06:26,70.659,0.4196,29.773,1529.7
2026-01-01 00:06:27,70.786,0.5334,30.489,1469.9
2026-01-01 00:06:28,70.414,0.5562,28.697,1489.3
2026-01-01 00:06:29,67.881,0.4978,31.278,1508.4
2026-01-01 00:06:30,66.535,0.402,30.146,1498.6
2026-01-01 00:06:31,70.082,0.5353,31.025,1472.0
2026-01-01 00:06:32,69.292,0.417,29.14,1507.7
2026-01-01 00:06:33,70.689,0.5154,29.261,1499.8
2026-01-01 00:06:34,71.053,0.4556,29.07,1538.3
2026-01-01 00:06:35,70.207,0.442,30.2,1494.9
2026-01-01 00:06:36,71.14,0.4779,30.053,1523.4
2026-01-01 00:06:37,70.344,0.4908,29.628,1474.7
2026-01-01 00:06:38,70.795,0.4678,29.189,1479.4
2026-01-01 00:06:39,83.517,1.8371,21.474,1514.4
2026-01-01 00:06:40,69.731,0.4777,29.961,1521.7
2026-01-01 00:06:41,70.295,0.549,29.628,1480.9
2026-01-01 00:06:42,71.231,0.5141,29.452,1500.5
2026-01-01 00:06:43,69.409,0.4651,31.238,1472.4
2026-01-01 00:06:44,70.782,0.4567,29.934,1496.4
2026-01-01 00:06:45,69.601,0.4176,31.016,1516.7
2026-01-01 00:06:46,69.824,0.5145,29.573,1491.3
2026-01-01 00:06:47,71.244,0.4823,30.196,1495.0
2026-01-01 00:06:48,67.01,0.3814,29.956,1477.4
2026-01-01 00:06:49,68.055,0.4732,28.642,1487.0
2026-01-01 00:06:50,67.777,0.4549,31.143,1535.2
2026-01-01 00:06:51,66.5,0.5788,29.892,1501.5
2026-01-01 00:06:52,68.983,0.4149,30.597,1480.0
2026-01-01 00:06:53,71.124,0.4279,29.398,1493.7
2026-01-01 00:06:54,69.573,0.5555,29.868,1468.1
2026-01-01 00:06:55,70.297,0.5678,29.307,1479.7
2026-01-01 00:06:56,71.634,0.4628,30.989,1527.2
2026-01-01 00:06:57,71.992,0.4684,30.249,1497.2
2026-01-01 00:06:58,100.595,1.749,21.594,1537.8
2026-01-01 00:06:59,72.03,0.3836,31.087,1498.1
2026-01-01 00:07:00,70.138,0.4069,30.925,1499.3
2026-01-01 00:07:01,68.744,0.486,30.612,1512.8
2026-01-01 00:07:02,69.108,0.5775,28.863,1446.5
2026-01-01 00:07:03,67.779,0.4782,29.443,1504.1
2026-01-01 00:07:04,68.668,0.505,29.197,1499.0
2026-01-01 00:07:05,69.463,0.5567,30.582,1529.7
2026-01-01 00:07:06,71.205,0.6053,30.137,1519.3
2026-01-01 00:07:07,72.581,0.4712,28.888,1477.3
2026-01-01 00:07:08,67.927,0.4992,29.849,1524.8
2026-01-01 00:07:09,70.589,0.5911,28.805,1494.8
2026-01-01 00:07:10,68.439,0.4239,29.957,1481.9
2026-01-01 00:07:11,70.712,0.5514,28.676,1503.9
2026-01-01 00:07:12,69.803,0.4491,30.423,1495.9
2026-01-01 00:07:13,67.254,0.5051,30.302,1530.8
2026-01-01 00:07:14,71.392,0.4879,31.526,1506.8
2026-01-01 00:07:15,69.092,0.4521,30.678,1504.1
2026-01-01 00:07:16,69.199,0.4508,29.662,1518.0
2026-01-01 00:07:17,68.395,0.5138,30.654,1521.9
2026-01-01 00:07:18,69.019,0.5498,28.882,1515.7
2026-01-01 00:07:19,70.642,0.4935,29.23,1528.4
2026-01-01 00:07:20,69.716,0.5035,30.267,1512.2
2026-01-01 00:07:21,70.493,0.5286,28.273,1503.4
2026-01-01 00:07:22,70.543,0.4514,29.97,1524.8
2026-01-01 00:07:23,71.981,0.537,29.184,1498.2
2026-01-01 00:07:24,69.486,0.541,30.081,1500.7
2026-01-01 00:07:25,67.785,0.6302,29.138,1534.4
2026-01-01 00:07:26,71.601,0.4812,30.339,1532.4
2026-01-01 00:07:27,69.503,0.4771,30.015,1499.8
2026-01-01 00:07:28,71.672,0.5384,31.12,1490.9
2026-01-01 00:07:29,70.575,0.541,30.005,1529.3
2026-01-01 00:07:30,69.803,0.4732,29.385,1516.0
2026-01-01 00:07:31,70.523,0.4798,29.802,1506.3
2026-01-01 00:07:32,72.927,0.5271,28.925,1493.6
2026-01-01 00:07:33,73.115,0.4586,30.325,1506.6
2026-01-01 00:07:34,70.104,0.4795,30.472,1499.6
2026-01-01 00:07:35,70.24,0.5045,31.975,1486.7
2026-01-01 00:07:36,71.614,0.5498,29.503,1502.6
2026-01-01 00:07:37,68.732,0.4698,29.786,1505.3
2026-01-01 00:07:38,70.5,0.4079,29.539,1492.5
2026-01-01 00:07:39,69.961,0.4042,30.17,1518.1
2026-01-01 00:07:40,70.471,0.437,30.305,1525.8
2026-01-01 00:07:41,68.75,0.4343,29.957,1519.4
2026-01-01 00:07:42,67.616,0.4923,30.869,1494.5
2026-01-01 00:07:43,93.275,1.0781,20.552,1515.1
2026-01-01 00:07:44,68.324,0.4649,30.789,1501.6
2026-01-01 00:07:45,69.312,0.4613,30.431,1475.3
2026-01-01 00:07:46,69.56,0.478,29.99,1513.5
2026-01-01 00:07:47,72.906,0.5661,29.748,1502.9
2026-01-01 00:07:48,71.659,0.5331,31.941,1551.9
2026-01-01 00:07:49,68.557,0.5008,29.346,1529.1
2026-01-01 00:07:50,70.522,0.4769,30.238,1514.2
2026-01-01 00:07:51,69.389,0.4783,29.4,1505.0
2026-01-01 00:07:52,69.573,0.5164,31.428,1503.3
2026-01-01 00:07:53,70.278,0.5292,30.709,1479.9
2026-01-01 00:07:54,88.318,1.3956,18.736,1465.2
2026-01-01 00:07:55,69.491,0.5018,30.41,1482.5
2026-01-01 00:07:56,71.596,0.3984,30.206,1499.0
2026-01-01 00:07:57,68.287,0.5106,29.587,1457.9
2026-01-01 00:07:58,70.01,0.5381,30.607,1489.1
2026-01-01 00:07:59,73.897,0.486,30.311,1495.0
2026-01-01 00:08:00,70.335,0.5908,30.173,1495.7
2026-01-01 00:08:01,72.15,0.4559,29.966,1486.8
2026-01-01 00:08:02,70.137,0.5109,30.345,1493.2
2026-01-01 00:08:03,70.871,0.4982,30.184,1534.5
2026-01-01 00:08:04,69.915,0.495,30.047,1513.2
2026-01-01 00:08:05,69.744,0.4943,29.487,1488.8
2026-01-01 00:08:06,68.831,0.5054,31.355,1498.6
2026-01-01 00:08:07,70.645,0.5424,29.16,1499.4
2026-01-01 00:08:08,68.723,0.5689,30.342,1484.6
2026-01-01 00:08:09,70.998,0.4999,29.744,1484.6
2026-01-01 00:08:10,71.628,0.5408,31.408,1520.2
2026-01-01 00:08:11,70.55,0.4649,29.277,1491.6
2026-01-01 00:08:12,69.571,0.5383,29.412,1478.1
2026-01-01 00:08:13,70.681,0.4619,29.224,1499.1
2026-01-01 00:08:14,69.537,0.5545,30.259,1502.4
2026-01-01 00:08:15,71.403,0.6105,28.902,1460.5
2026-01-01 00:08:16,67.253,0.4939,29.617,1499.2
2026-01-01 00:08:17,69.497,0.3904,28.278,1517.4
2026-01-01 00:08:18,67.014,0.4726,30.192,1509.0
2026-01-01 00:08:19,67.757,0.5616,29.6,1544.6
2026-01-01 00:08:20,72.046,0.5277,28.81,1525.0
2026-01-01 00:08:21,71.343,0.5124,30.868,1529.0
2026-01-01 00:08:22,68.921,0.5504,28.954,1556.0
2026-01-01 00:08:23,67.746,0.5242,30.638,1515.2
2026-01-01 00:08:24,65.553,0.5609,29.439,1503.3
2026-01-01 00:08:25,69.185,0.546,31.281,1519.5
2026-01-01 00:08:26,73.631,0.5761,30.6,1488.8
2026-01-01 00:08:27,70.652,0.5179,29.194,1502.2
2026-01-01 00:08:28,69.161,0.5453,29.266,1487.0
2026-01-01 00:08:29,70.698,0.4846,30.484,1508.0
2026-01-01 00:08:30,67.659,0.4699,29.79,1487.0
2026-01-01 00:08:31,69.554,0.5853,29.865,1486.3
2026-01-01 00:08:32,92.926,1.5407,24.941,1508.3
2026-01-01 00:08:33,69.871,0.5402,29.401,1497.2
2026-01-01 00:08:34,71.186,0.5062,30.073,1461.4
2026-01-01 00:08:35,70.517,0.4707,30.764,1470.9
2026-01-01 00:08:36,71.002,0.5005,30.647,1477.1
2026-01-01 00:08:37,68.967,0.5718,29.872,1482.3
2026-01-01 00:08:38,71.347,0.5278,29.769,1508.3
2026-01-01 00:08:39,72.443,0.4144,28.609,1504.4
2026-01-01 00:08:40,68.545,0.4892,29.155,1521.3
2026-01-01 00:08:41,68.668,0.5891,30.255,1515.1
2026-01-01 00:08:42,72.004,0.4893,29.89,1521.4
2026-01-01 00:08:43,69.713,0.41,30.06,1512.2
2026-01-01 00:08:44,72.106,0.5947,30.831,1504.2
2026-01-01 00:08:45,69.336,0.5341,29.05,1522.0
2026-01-01 00:08:46,72.183,0.4965,29.811,1518.4
2026-01-01 00:08:47,70.197,0.4814,30.151,1507.5
2026-01-01 00:08:48,70.387,0.5541,29.437,1525.4
2026-01-01 00:08:49,72.347,0.4729,31.145,1453.1
2026-01-01 00:08:50,69.457,0.5574,30.727,1494.2
2026-01-01 00:08:51,68.588,0.5271,30.232,1493.9
2026-01-01 00:08:52,69.327,0.5122,31.435,1523.1
2026-01-01 00:08:53,70.679,0.5073,28.801,1531.4
2026-01-01 00:08:54,67.651,0.4913,29.994,1471.0
2026-01-01 00:08:55,70.956,0.5523,30.293,1528.2
2026-01-01 00:08:56,69.192,0.4567,29.268,1476.6
2026-01-01 00:08:57,71.722,0.4189,30.241,1477.2
2026-01-01 00:08:58,66.409,0.5307,29.115,1495.3
2026-01-01 00:08:59,68.82,0.5316,30.552,1493.6
2026-01-01 00:09:00,67.47,0.524,30.846,1468.8
2026-01-01 00:09:01,68.761,0.5204,30.218,1513.0
2026-01-01 00:09:02,70.371,0.484,28.518,1513.6
2026-01-01 00:09:03,69.731,0.5394,29.227,1521.1
2026-01-01 00:09:04,69.62,0.4977,30.452,1491.3
2026-01-01 00:09:05,69.761,0.4756,30.017,1499.2
2026-01-01 00:09:06,70.305,0.4844,27.845,1499.4
2026-01-01 00:09:07,68.487,0.601,30.994,1533.8
2026-01-01 00:09:08,71.06,0.4133,30.109,1443.3
2026-01-01 00:09:09,70.994,0.525,29.345,1480.9
2026-01-01 00:09:10,70.578,0.416,30.796,1500.1
2026-01-01 00:09:11,70.835,0.4946,29.458,1478.3
2026-01-01 00:09:12,70.445,0.4783,29.449,1494.8
2026-01-01 00:09:13,73.053,0.3957,30.287,1497.5
2026-01-01 00:09:14,69.869,0.5195,31.425,1486.8
2026-01-01 00:09:15,69.539,0.481,31.299,1501.3
2026-01-01 00:09:16,68.87,0.395,30.288,1512.6
2026-01-01 00:09:17,68.452,0.542,30.37,1495.3
2026-01-01 00:09:18,68.133,0.5718,30.633,1490.9
2026-01-01 00:09:19,68.667,0.5745,28.994,1496.7
2026-01-01 00:09:20,69.894,0.5179,30.515,1499.9
2026-01-01 00:09:21,70.501,0.5023,29.413,1465.2
2026-01-01 00:09:22,70.077,0.5664,30.255,1509.2
2026-01-01 00:09:23,68.852,0.5841,29.818,1491.0
2026-01-01 00:09:24,71.35,0.5567,30.401,1525.2
2026-01-01 00:09:25,71.109,0.4529,30.094,1511.8
2026-01-01 00:09:26,69.761,0.5101,27.542,1523.4
2026-01-01 00:09:27,69.021,0.522,30.143,1479.8
2026-01-01 00:09:28,70.823,0.4095,30.514,1492.6
2026-01-01 00:09:29,70.282,0.5235,30.357,1475.2
2026-01-01 00:09:30,67.828,0.6136,29.918,1485.9
2026-01-01 00:09:31,69.898,0.532,31.314,1525.0
2026-01-01 00:09:32,70.393,0.5737,30.249,1529.7
2026-01-01 00:09:33,68.65,0.5091,30.35,1477.0
2026-01-01 00:09:34,93.455,0.7686,21.948,1490.8
2026-01-01 00:09:35,67.818,0.5191,30.29,1498.5
2026-01-01 00:09:36,72.004,0.4592,29.282,1511.7
2026-01-01 00:09:37,71.872,0.4518,28.049,1464.8
2026-01-01 00:09:38,69.621,0.5633,29.618,1467.9
2026-01-01 00:09:39,70.545,0.5686,30.609,1509.8
2026-01-01 00:09:40,66.385,0.4504,29.718,1461.0
2026-01-01 00:09:41,68.265,0.5484,30.641,1491.1
2026-01-01 00:09:42,69.559,0.4957,30.119,1503.2
2026-01-01 00:09:43,68.392,0.517,31.03,1508.3
2026-01-01 00:09:44,71.072,0.523,29.764,1497.2
2026-01-01 00:09:45,72.996,0.5497,30.374,1492.7
2026-01-01 00:09:46,68.235,0.5041,30.405,1516.9
2026-01-01 00:09:47,68.744,0.5705,31.201,1505.7
2026-01-01 00:09:48,70.353,0.5155,28.635,1487.1
2026-01-01 00:09:49,72.417,0.5312,29.633,1500.8
2026-01-01 00:09:50,68.166,0.4583,30.679,1507.7
2026-01-01 00:09:51,70.374,0.6079,31.237,1534.4
2026-01-01 00:09:52,72.732,0.5235,30.192,1515.7
2026-01-01 00:09:53,67.522,0.5356,29.766,1524.3
2026-01-01 00:09:54,85.708,1.1997,22.101,1487.8
2026-01-01 00:09:55,69.365,0.4589,30.695,1489.5
2026-01-01 00:09:56,69.219,0.5619,29.712,1495.3
2026-01-01 00:09:57,71.219,0.5143,30.264,1497.1
2026-01-01 00:09:58,70.362,0.4043,30.944,1479.8
2026-01-01 00:09:59,67.338,0.5519,31.512,1525.3
2026-01-01 00:10:00,70.773,0.4728,30.594,1517.7
2026-01-01 00:10:01,69.134,0.5706,30.035,1493.9
2026-01-01 00:10:02,71.912,0.4956,29.957,1512.8
2026-01-01 00:10:03,69.059,0.5102,30.446,1504.5
2026-01-01 00:10:04,69.045,0.5589,29.907,1514.4
2026-01-01 00:10:05,70.812,0.4551,30.152,1473.1
2026-01-01 00:10:06,71.144,0.4504,29.154,1497.1
2026-01-01 00:10:07,70.672,0.4902,31.038,1498.8
2026-01-01 00:10:08,67.472,0.5414,29.088,1512.5
2026-01-01 00:10:09,70.807,0.4335,29.654,1487.4
2026-01-01 00:10:10,68.449,0.4166,30.078,1450.0
2026-01-01 00:10:11,70.353,0.5412,31.593,1478.4
2026-01-01 00:10:12,67.864,0.4699,29.662,1498.8
2026-01-01 00:10:13,70.669,0.4804,29.467,1501.3
2026-01-01 00:10:14,68.79,0.4072,29.559,1533.7
2026-01-01 00:10:15,68.076,0.4661,31.327,1511.7
2026-01-01 00:10:16,71.071,0.4996,27.75,1501.6
2026-01-01 00:10:17,70.362,0.5465,29.198,1499.4
2026-01-01 00:10:18,69.079,0.4614,32.185,1522.1
2026-01-01 00:10:19,72.177,0.5829,30.473,1488.2
2026-01-01 00:10:20,69.339,0.4658,29.115,1497.2
2026-01-01 00:10:21,70.048,0.4658,29.966,1478.2
2026-01-01 00:10:22,70.403,0.5769,30.054,1528.4
2026-01-01 00:10:23,69.071,0.5106,30.677,1507.8
2026-01-01 00:10:24,70.707,0.4724,31.472,1485.8
2026-01-01 00:10:25,69.2,0.4922,30.311,1497.7
2026-01-01 00:10:26,69.383,0.5677,29.568,1510.2
2026-01-01 00:10:27,72.044,0.5733,30.63,1495.0
2026-01-01 00:10:28,68.439,0.4592,29.441,1489.3
2026-01-01 00:10:29,66.381,0.4979,29.173,1486.9
2026-01-01 00:10:30,72.416,0.5045,28.592,1506.8
2026-01-01 00:10:31,73.824,0.4507,28.748,1492.8
2026-01-01 00:10:32,69.392,0.4972,29.283,1490.9
2026-01-01 00:10:33,67.095,0.5003,29.058,1473.3
2026-01-01 00:10:34,69.534,0.557,30.251,1501.6
2026-01-01 00:10:35,69.571,0.5604,29.04,1496.4
2026-01-01 00:10:36,69.715,0.4835,27.485,1493.6
2026-01-01 00:10:37,68.33,0.4893,29.165,1504.0
2026-01-01 00:10:38,70.869,0.5332,29.623,1515.0
2026-01-01 00:10:39,70.787,0.4707,29.516,1514.0
2026-01-01 00:10:40,67.758,0.5294,31.216,1511.1
2026-01-01 00:10:41,71.049,0.4956,29.509,1495.2
2026-01-01 00:10:42,73.079,0.4515,30.705,1488.7
2026-01-01 00:10:43,79.919,1.0934,23.575,1479.1
2026-01-01 00:10:44,69.494,0.5724,29.966,1488.1
2026-01-01 00:10:45,69.787,0.4922,29.332,1500.4
2026-01-01 00:10:46,70.923,0.582,29.953,1484.3
2026-01-01 00:10:47,67.404,0.4743,29.388,1501.9
2026-01-01 00:10:48,70.247,0.5146,30.136,1480.7
2026-01-01 00:10:49,69.414,0.6196,29.811,1466.8
2026-01-01 00:10:50,72.772,0.4471,29.244,1516.4
2026-01-01 00:10:51,69.739,0.4051,30.794,1490.5
2026-01-01 00:10:52,72.502,0.5643,30.341,1483.3
2026-01-01 00:10:53,68.344,0.4587,29.642,1478.1
2026-01-01 00:10:54,70.881,0.499,30.116,1508.5
2026-01-01 00:10:55,70.479,0.4707,29.933,1527.5
2026-01-01 00:10:56,68.696,0.5134,29.306,1491.9
2026-01-01 00:10:57,70.266,0.4525,30.056,1495.7
2026-01-01 00:10:58,71.819,0.491,29.503,1521.4
2026-01-01 00:10:59,69.514,0.5225,29.244,1463.8
2026-01-01 00:11:00,67.462,0.4496,28.702,1539.3
2026-01-01 00:11:01,69.974,0.465,29.713,1548.9
2026-01-01 00:11:02,68.646,0.4826,30.454,1445.9
2026-01-01 00:11:03,69.486,0.4286,29.444,1498.0
2026-01-01 00:11:04,69.878,0.4789,32.017,1485.6
2026-01-01 00:11:05,95.597,1.4728,21.924,1494.7
2026-01-01 00:11:06,67.577,0.48,31.043,1491.6
2026-01-01 00:11:07,70.723,0.4864,30.636,1516.2
2026-01-01 00:11:08,69.216,0.499,31.482,1497.7
2026-01-01 00:11:09,66.153,0.4672,29.37,1481.8
2026-01-01 00:11:10,71.177,0.5346,27.951,1496.6
2026-01-01 00:11:11,70.409,0.5718,29.643,1510.3
2026-01-01 00:11:12,68.929,0.4768,30.447,1476.3
2026-01-01 00:11:13,68.025,0.5243,30.121,1467.1
2026-01-01 00:11:14,71.254,0.488,30.22,1539.9
2026-01-01 00:11:15,70.524,0.5183,31.057,1487.2
2026-01-01 00:11:16,73.574,0.5783,30.306,1497.3
2026-01-01 00:11:17,70.63,0.5254,30.639,1492.0
2026-01-01 00:11:18,70.582,0.4113,29.248,1511.0
2026-01-01 00:11:19,69.75,0.5227,29.124,1535.5
2026-01-01 00:11:20,71.225,0.5616,31.291,1511.6
2026-01-01 00:11:21,70.938,0.4889,30.081,1469.6
2026-01-01 00:11:22,71.878,0.5498,29.501,1472.3
2026-01-01 00:11:23,69.218,0.4655,29.503,1492.0
2026-01-01 00:11:24,69.347,0.4257,29.481,1494.6
2026-01-01 00:11:25,69.281,0.5071,29.433,1465.6
2026-01-01 00:11:26,71.186,0.4122,28.973,1516.4
2026-01-01 00:11:27,72.248,0.488,28.8,1478.3
2026-01-01 00:11:28,69.312,0.5643,29.844,1529.9
2026-01-01 00:11:29,69.363,0.4045,29.526,1536.4
2026-01-01 00:11:30,70.471,0.436,30.886,1495.0
2026-01-01 00:11:31,69.631,0.4484,30.234,1508.8
2026-01-01 00:11:32,71.428,0.4968,30.212,1475.4
2026-01-01 00:11:33,66.622,0.4817,29.406,1512.5
2026-01-01 00:11:34,68.76,0.57,29.903,1490.0
2026-01-01 00:11:35,68.826,0.5477,30.289,1478.3
2026-01-01 00:11:36,66.519,0.5248,30.573,1494.2
2026-01-01 00:11:37,68.555,0.5073,29.925,1490.7
2026-01-01 00:11:38,68.627,0.5197,30.863,1493.5
2026-01-01 00:11:39,69.698,0.4569,30.006,1519.0
2026-01-01 00:11:40,71.669,0.5429,30.634,1484.3
2026-01-01 00:11:41,69.632,0.4444,29.608,1534.7
2026-01-01 00:11:42,68.454,0.5418,28.55,1473.5
2026-01-01 00:11:43,69.915,0.5593,30.215,1532.3
2026-01-01 00:11:44,71.574,0.5105,30.58,1479.7
2026-01-01 00:11:45,68.536,0.4912,30.46,1500.0
2026-01-01 00:11:46,68.634,0.52,30.338,1490.2
2026-01-01 00:11:47,70.838,0.3569,29.721,1493.1
2026-01-01 00:11:48,69.668,0.5151,29.355,1516.0
2026-01-01 00:11:49,70.971,0.4943,30.441,1530.0
2026-01-01 00:11:50,69.98,0.4975,30.341,1523.8
2026-01-01 00:11:51,71.052,0.5353,29.551,1491.9
2026-01-01 00:11:52,68.447,0.4963,30.888,1503.7
2026-01-01 00:11:53,69.982,0.443,29.294,1484.4
2026-01-01 00:11:54,69.684,0.4929,29.533,1480.2
2026-01-01 00:11:55,68.176,0.5034,31.309,1477.1
2026-01-01 00:11:56,67.655,0.5057,30.695,1491.2
2026-01-01 00:11:57,71.029,0.5081,29.714,1505.0
2026-01-01 00:11:58,69.474,0.552,30.23,1461.8
2026-01-01 00:11:59,68.467,0.4457,30.124,1499.1
2026-01-01 00:12:00,69.856,0.5088,27.804,1530.3
2026-01-01 00:12:01,71.692,0.5645,29.275,1522.4
2026-01-01 00:12:02,66.579,0.4133,29.959,1488.3
2026-01-01 00:12:03,67.755,0.509,29.715,1472.1
2026-01-01 00:12:04,68.616,0.4707,30.198,1509.2
2026-01-01 00:12:05,72.192,0.4815,30.904,1453.7
2026-01-01 00:12:06,70.424,0.4548,29.743,1522.2
2026-01-01 00:12:07,71.151,0.4915,29.154,1495.7
2026-01-01 00:12:08,68.29,0.5921,30.26,1536.6
2026-01-01 00:12:09,68.321,0.4368,29.739,1465.5
2026-01-01 00:12:10,70.672,0.4415,29.875,1518.4
2026-01-01 00:12:11,70.087,0.4349,29.767,1498.0
2026-01-01 00:12:12,70.823,0.5864,31.793,1493.4
2026-01-01 00:12:13,69.718,0.4769,28.207,1472.6
2026-01-01 00:12:14,87.249,0.9808,21.933,1511.9
2026-01-01 00:12:15,70.237,0.4799,29.997,1513.5
2026-01-01 00:12:16,71.167,0.4528,29.375,1535.7
2026-01-01 00:12:17,71.211,0.4882,30.72,1520.2
2026-01-01 00:12:18,67.57,0.6229,30.651,1488.1
2026-01-01 00:12:19,66.629,0.5696,29.962,1479.9
2026-01-01 00:12:20,71.503,0.4574,29.783,1472.6
2026-01-01 00:12:21,71.782,0.5324,29.91,1529.5
2026-01-01 00:12:22,68.469,0.4584,29.916,1484.4
2026-01-01 00:12:23,67.21,0.4112,29.937,1529.6
2026-01-01 00:12:24,70.149,0.551,29.85,1510.5
2026-01-01 00:12:25,71.396,0.558,30.202,1506.6
2026-01-01 00:12:26,72.696,0.5523,30.603,1493.9
2026-01-01 00:12:27,70.774,0.4765,29.016,1513.2
2026-01-01 00:12:28,69.442,0.4917,29.159,1499.7
2026-01-01 00:12:29,68.66,0.5375,28.601,1492.6
2026-01-01 00:12:30,70.017,0.5196,30.693,1513.9
2026-01-01 00:12:31,69.551,0.4803,30.2,1497.1
2026-01-01 00:12:32,68.477,0.419,30.404,1484.0
2026-01-01 00:12:33,73.073,0.5057,28.856,1512.0
2026-01-01 00:12:34,72.678,0.554,31.428,1498.7
2026-01-01 00:12:35,71.704,0.4401,29.513,1509.8
2026-01-01 00:12:36,68.619,0.5319,30.135,1490.9
2026-01-01 00:12:37,71.283,0.5166,30.684,1475.8
2026-01-01 00:12:38,70.959,0.5375,29.21,1534.7
2026-01-01 00:12:39,70.664,0.5436,29.563,1530.9
2026-01-01 00:12:40,71.874,0.4653,30.143,1517.7
2026-01-01 00:12:41,70.953,0.4192,32.286,1492.2
2026-01-01 00:12:42,71.11,0.4733,30.241,1494.0
2026-01-01 00:12:43,70.955,0.5445,31.285,1527.6
2026-01-01 00:12:44,70.511,0.4729,30.965,1492.9
2026-01-01 00:12:45,67.325,0.4653,30.294,1487.3
2026-01-01 00:12:46,70.125,0.4089,29.209,1537.4
2026-01-01 00:12:47,69.166,0.5876,30.848,1499.0
2026-01-01 00:12:48,68.08,0.5413,28.802,1535.4
2026-01-01 00:12:49,72.523,0.5385,31.281,1472.0
2026-01-01 00:12:50,72.593,0.5484,30.16,1510.4
2026-01-01 00:12:51,72.039,0.5288,27.88,1541.4
2026-01-01 00:12:52,70.383,0.4878,29.728,1500.6
2026-01-01 00:12:53,72.026,0.4918,30.523,1494.7
2026-01-01 00:12:54,70.018,0.4786,29.81,1476.6
2026-01-01 00:12:55,70.304,0.6317,30.572,1521.6
2026-01-01 00:12:56,68.36,0.5278,29.32,1484.6
2026-01-01 00:12:57,70.595,0.4768,28.955,1498.1
2026-01-01 00:12:58,70.091,0.5233,29.943,1475.3
2026-01-01 00:12:59,68.046,0.4495,30.025,1531.1
2026-01-01 00:13:00,69.923,0.5752,29.721,1523.1
2026-01-01 00:13:01,69.88,0.4669,30.982,1499.4
2026-01-01 00:13:02,72.696,0.5251,29.32,1476.9
2026-01-01 00:13:03,71.341,0.5533,30.251,1530.7
2026-01-01 00:13:04,70.017,0.5192,30.054,1492.7
2026-01-01 00:13:05,70.373,0.5047,28.755,1477.9
2026-01-01 00:13:06,70.066,0.5005,28.945,1464.8
2026-01-01 00:13:07,69.696,0.4972,30.01,1487.1
2026-01-01 00:13:08,68.376,0.4712,31.585,1470.9
2026-01-01 00:13:09,96.091,1.3171,21.111,1487.5
2026-01-01 00:13:10,68.881,0.574,28.619,1514.9
2026-01-01 00:13:11,68.125,0.4946,27.512,1492.5
2026-01-01 00:13:12,70.767,0.4607,30.586,1507.1
2026-01-01 00:13:13,70.587,0.4742,29.923,1485.5
2026-01-01 00:13:14,67.32,0.555,30.913,1501.3
2026-01-01 00:13:15,69.816,0.5338,29.295,1538.4
2026-01-01 00:13:16,71.494,0.528,30.28,1493.0
2026-01-01 00:13:17,71.589,0.4871,30.677,1507.7
2026-01-01 00:13:18,71.539,0.5287,29.642,1468.7
2026-01-01 00:13:19,70.058,0.4678,29.659,1530.4
2026-01-01 00:13:20,68.732,0.487,30.02,1490.5
2026-01-01 00:13:21,68.374,0.5485,30.434,1521.0
2026-01-01 00:13:22,70.517,0.5437,29.989,1497.5
2026-01-01 00:13:23,70.569,0.4509,30.779,1512.2
2026-01-01 00:13:24,71.931,0.4572,29.63,1513.4
2026-01-01 00:13:25,71.65,0.5054,28.937,1491.0
2026-01-01 00:13:26,69.802,0.5863,31.582,1521.8
2026-01-01 00:13:27,68.134,0.4042,29.516,1484.8
2026-01-01 00:13:28,69.521,0.5139,29.545,1515.6
2026-01-01 00:13:29,70.326,0.4312,29.947,1492.2
2026-01-01 00:13:30,69.697,0.4683,30.054,1507.0
2026-01-01 00:13:31,69.133,0.4818,29.691,1490.8
2026-01-01 00:13:32,70.379,0.479,29.986,1501.0
2026-01-01 00:13:33,69.244,0.4733,29.968,1478.5
2026-01-01 00:13:34,69.058,0.5004,30.14,1505.0
2026-01-01 00:13:35,70.467,0.4732,28.114,1500.9
2026-01-01 00:13:36,69.397,0.4269,31.505,1489.2
2026-01-01 00:13:37,70.366,0.539,29.882,1498.9
2026-01-01 00:13:38,70.41,0.5376,30.464,1502.7
2026-01-01 00:13:39,68.291,0.5422,28.898,1487.7
2026-01-01 00:13:40,69.278,0.423,29.623,1497.4
2026-01-01 00:13:41,72.157,0.5149,29.462,1479.9
2026-01-01 00:13:42,68.257,0.5338,31.176,1546.9
2026-01-01 00:13:43,66.825,0.4484,29.531,1521.2
2026-01-01 00:13:44,67.207,0.5005,30.606,1505.5
2026-01-01 00:13:45,70.044,0.4942,29.48,1523.4
2026-01-01 00:13:46,70.046,0.5921,29.638,1460.4
2026-01-01 00:13:47,69.824,0.5962,29.804,1448.8
2026-01-01 00:13:48,71.821,0.4168,31.027,1492.0
2026-01-01 00:13:49,65.991,0.6247,28.488,1472.4
2026-01-01 00:13:50,70.594,0.4542,28.947,1495.3
2026-01-01 00:13:51,72.342,0.549,28.442,1504.1
2026-01-01 00:13:52,68.308,0.5485,29.13,1518.4
2026-01-01 00:13:53,69.43,0.4502,29.351,1477.2
2026-01-01 00:13:54,68.871,0.5247,28.708,1508.0
2026-01-01 00:13:55,68.658,0.4946,29.413,1500.3
2026-01-01 00:13:56,69.511,0.5277,28.388,1507.0
2026-01-01 00:13:57,72.141,0.5115,29.186,1489.6
2026-01-01 00:13:58,72.756,0.5598,30.96,1527.7
2026-01-01 00:13:59,69.496,0.5038,30.323,1497.9
2026-01-01 00:14:00,72.858,0.4916,30.15,1535.5
2026-01-01 00:14:01,70.053,0.5548,29.198,1484.2
2026-01-01 00:14:02,72.631,0.529,28.771,1514.9
2026-01-01 00:14:03,69.86,0.5366,29.089,1498.8
2026-01-01 00:14:04,70.197,0.4668,29.965,1493.4
2026-01-01 00:14:05,70.548,0.4477,30.695,1512.6
2026-01-01 00:14:06,74.768,0.4716,30.722,1494.0
2026-01-01 00:14:07,71.277,0.469,30.504,1446.8
2026-01-01 00:14:08,68.939,0.5393,29.41,1438.7
2026-01-01 00:14:09,71.453,0.5488,30.02,1525.4
2026-01-01 00:14:10,69.457,0.4922,29.743,1524.6
2026-01-01 00:14:11,69.265,0.5715,29.839,1537.7
2026-01-01 00:14:12,71.363,0.5684,31.63,1499.6
2026-01-01 00:14:13,85.704,1.3717,22.628,1474.1
2026-01-01 00:14:14,70.418,0.4589,29.812,1491.6
2026-01-01 00:14:15,70.021,0.5788,30.969,1500.2
2026-01-01 00:14:16,70.505,0.4969,28.827,1479.9
2026-01-01 00:14:17,70.637,0.5063,29.485,1533.0
2026-01-01 00:14:18,67.095,0.483,29.577,1544.8
2026-01-01 00:14:19,71.0,0.4555,29.821,1509.6
2026-01-01 00:14:20,68.527,0.4266,28.723,1499.8
2026-01-01 00:14:21,67.837,0.5316,30.476,1474.1
2026-01-01 00:14:22,69.912,0.4608,30.533,1530.9
2026-01-01 00:14:23,70.126,0.653,30.407,1501.5
2026-01-01 00:14:24,68.96,0.4457,29.304,1494.2
2026-01-01 00:14:25,71.247,0.4371,30.069,1509.6
2026-01-01 00:14:26,67.987,0.5255,29.28,1488.3
2026-01-01 00:14:27,69.39,0.5765,29.734,1502.9
2026-01-01 00:14:28,69.123,0.5032,31.723,1471.2
2026-01-01 00:14:29,69.93,0.5286,30.077,1521.7
2026-01-01 00:14:30,70.418,0.4078,29.05,1497.9
2026-01-01 00:14:31,68.488,0.4661,30.144,1523.2
2026-01-01 00:14:32,71.086,0.4463,28.919,1496.0
2026-01-01 00:14:33,70.095,0.4052,29.041,1497.3
2026-01-01 00:14:34,67.162,0.5058,29.167,1475.8
2026-01-01 00:14:35,67.062,0.3879,29.645,1515.2
2026-01-01 00:14:36,69.982,0.4339,30.75,1482.5
2026-01-01 00:14:37,69.669,0.4731,30.463,1490.3
2026-01-01 00:14:38,69.845,0.4584,30.418,1500.0
2026-01-01 00:14:39,69.958,0.5198,29.121,1502.4
2026-01-01 00:14:40,70.338,0.5153,29.567,1465.9
2026-01-01 00:14:41,96.436,1.424,23.593,1495.4
2026-01-01 00:14:42,68.333,0.5376,29.497,1515.9
2026-01-01 00:14:43,68.242,0.557,29.777,1492.4
2026-01-01 00:14:44,68.36,0.4999,30.353,1495.5
2026-01-01 00:14:45,70.433,0.5152,29.721,1503.2
2026-01-01 00:14:46,71.867,0.5256,30.181,1497.5
2026-01-01 00:14:47,69.353,0.5071,31.274,1479.4
2026-01-01 00:14:48,66.247,0.4801,29.863,1499.3
2026-01-01 00:14:49,67.444,0.4834,30.943,1519.9
2026-01-01 00:14:50,68.75,0.4591,30.447,1479.0
2026-01-01 00:14:51,69.163,0.5211,28.826,1492.5
2026-01-01 00:14:52,69.387,0.4953,29.118,1472.4
2026-01-01 00:14:53,70.058,0.4668,29.333,1518.8
2026-01-01 00:14:54,69.532,0.4669,29.316,1498.2
2026-01-01 00:14:55,71.574,0.4395,29.928,1483.0
2026-01-01 00:14:56,68.986,0.5489,30.492,1501.8
2026-01-01 00:14:57,68.707,0.5039,31.004,1475.9
2026-01-01 00:14:58,70.718,0.4569,30.247,1479.3
2026-01-01 00:14:59,91.479,1.9077,22.709,1470.8
2026-01-01 00:15:00,70.585,0.472,28.334,1478.7
2026-01-01 00:15:01,70.154,0.4297,30.056,1527.1
2026-01-01 00:15:02,69.779,0.5511,30.021,1485.3
2026-01-01 00:15:03,72.382,0.4731,30.146,1509.3
2026-01-01 00:15:04,69.067,0.4796,31.685,1483.3
2026-01-01 00:15:05,73.09,0.5021,30.992,1515.2
2026-01-01 00:15:06,69.662,0.5571,30.628,1479.5
2026-01-01 00:15:07,68.084,0.501,29.23,1500.8
2026-01-01 00:15:08,70.105,0.44,29.59,1501.1
2026-01-01 00:15:09,68.386,0.5272,29.924,1546.6
2026-01-01 00:15:10,68.872,0.4758,29.38,1512.6
2026-01-01 00:15:11,70.596,0.5944,30.4,1488.1
2026-01-01 00:15:12,70.833,0.4999,30.286,1513.7
2026-01-01 00:15:13,69.067,0.3882,29.129,1542.8
2026-01-01 00:15:14,71.481,0.5179,30.957,1467.4
2026-01-01 00:15:15,71.736,0.5972,30.082,1483.2
2026-01-01 00:15:16,72.154,0.5788,28.617,1495.3
2026-01-01 00:15:17,70.794,0.5915,29.959,1491.7
2026-01-01 00:15:18,72.045,0.449,30.225,1493.3
2026-01-01 00:15:19,67.179,0.5456,30.778,1473.9
2026-01-01 00:15:20,69.523,0.4639,29.73,1528.1
2026-01-01 00:15:21,68.699,0.5112,30.662,1471.5
2026-01-01 00:15:22,70.179,0.4364,30.15,1496.0
2026-01-01 00:15:23,69.143,0.4678,28.948,1520.9
2026-01-01 00:15:24,69.751,0.4662,28.868,1499.4
2026-01-01 00:15:25,72.823,0.5449,30.898,1480.4
2026-01-01 00:15:26,69.745,0.54,30.957,1473.0
2026-01-01 00:15:27,70.621,0.5138,30.258,1495.4
2026-01-01 00:15:28,69.652,0.4325,31.197,1484.9
2026-01-01 00:15:29,70.114,0.4844,30.845,1504.1
2026-01-01 00:15:30,70.009,0.4627,30.547,1472.0
2026-01-01 00:15:31,70.672,0.5435,29.271,1516.3
2026-01-01 00:15:32,71.748,0.5589,31.385,1502.3
2026-01-01 00:15:33,72.471,0.5528,30.429,1503.8
2026-01-01 00:15:34,70.464,0.4622,29.691,1528.8
2026-01-01 00:15:35,70.884,0.363,29.465,1491.2
2026-01-01 00:15:36,68.274,0.4117,30.205,1485.5
2026-01-01 00:15:37,69.868,0.5711,28.663,1489.0
2026-01-01 00:15:38,71.41,0.4799,30.56,1496.1
2026-01-01 00:15:39,71.299,0.4625,29.237,1498.2
2026-01-01 00:15:40,70.317,0.5821,30.296,1483.4
2026-01-01 00:15:41,71.33,0.5633,29.583,1459.5
2026-01-01 00:15:42,70.736,0.5012,29.788,1488.8
2026-01-01 00:15:43,71.8,0.4853,29.394,1507.2
2026-01-01 00:15:44,70.434,0.4934,29.871,1502.7
2026-01-01 00:15:45,69.466,0.5114,31.512,1524.0
2026-01-01 00:15:46,70.504,0.58,31.108,1539.1
2026-01-01 00:15:47,65.604,0.5211,30.284,1515.2
2026-01-01 00:15:48,70.574,0.5363,29.98,1527.7
2026-01-01 00:15:49,64.527,0.5585,30.675,1515.3
2026-01-01 00:15:50,67.415,0.4415,30.904,1534.2
2026-01-01 00:15:51,70.678,0.5377,29.336,1537.0
2026-01-01 00:15:52,70.716,0.4853,29.938,1519.0
2026-01-01 00:15:53,68.256,0.3742,28.542,1514.1
2026-01-01 00:15:54,68.932,0.3936,30.898,1495.9
2026-01-01 00:15:55,72.056,0.4491,31.652,1499.2
2026-01-01 00:15:56,69.274,0.5266,30.064,1493.2
2026-01-01 00:15:57,73.364,0.5057,28.3,1512.4
2026-01-01 00:15:58,69.997,0.5092,30.487,1485.6
2026-01-01 00:15:59,70.612,0.5975,29.277,1496.2
2026-01-01 00:16:00,72.425,0.4365,29.469,1452.9
2026-01-01 00:16:01,70.197,0.4986,30.501,1534.5
2026-01-01 00:16:02,68.496,0.5152,30.204,1495.6
2026-01-01 00:16:03,69.835,0.4632,29.61,1509.1
2026-01-01 00:16:04,69.947,0.5014,29.48,1529.2
2026-01-01 00:16:05,67.953,0.42,30.101,1506.0
2026-01-01 00:16:06,69.616,0.5705,29.672,1528.9
2026-01-01 00:16:07,68.887,0.4659,29.113,1475.2
2026-01-01 00:16:08,71.387,0.6016,29.734,1547.9
2026-01-01 00:16:09,70.052,0.4984,30.272,1521.7
2026-01-01 00:16:10,69.576,0.5514,29.858,1504.2
2026-01-01 00:16:11,69.841,0.4973,28.869,1528.5
2026-01-01 00:16:12,70.335,0.4985,30.791,1476.6
2026-01-01 00:16:13,70.925,0.4708,27.809,1494.2
2026-01-01 00:16:14,68.5,0.506,29.643,1528.9
2026-01-01 00:16:15,68.438,0.5159,29.504,1462.7
2026-01-01 00:16:16,71.657,0.4608,30.119,1511.2
2026-01-01 00:16:17,69.381,0.4937,30.449,1510.6
2026-01-01 00:16:18,67.875,0.4695,30.901,1539.4
2026-01-01 00:16:19,70.666,0.615,29.43,1468.3
2026-01-01 00:16:20,70.695,0.4955,30.469,1532.2
2026-01-01 00:16:21,67.704,0.5773,30.157,1488.8
2026-01-01 00:16:22,70.344,0.4902,28.631,1491.1
2026-01-01 00:16:23,71.103,0.513,31.52,1475.6
2026-01-01 00:16:24,70.562,0.4339,28.849,1478.2
2026-01-01 00:16:25,70.948,0.4776,30.336,1508.1
2026-01-01 00:16:26,67.894,0.5105,30.312,1477.8
2026-01-01 00:16:27,70.497,0.5793,30.221,1514.8
2026-01-01 00:16:28,69.546,0.5111,29.604,1486.7
2026-01-01 00:16:29,69.276,0.5692,30.662,1475.7
2026-01-01 00:16:30,71.306,0.532,28.752,1489.4
2026-01-01 00:16:31,72.219,0.5814,29.947,1506.7
2026-01-01 00:16:32,72.692,0.497,29.549,1494.5
2026-01-01 00:16:33,71.972,0.6195,29.458,1500.7
2026-01-01 00:16:34,69.835,0.4757,30.343,1513.9
2026-01-01 00:16:35,70.529,0.4617,30.862,1521.6
2026-01-01 00:16:36,71.15,0.4395,29.725,1493.8
2026-01-01 00:16:37,70.182,0.6166,30.625,1479.1
2026-01-01 00:16:38,70.196,0.541,30.04,1501.5
2026-01-01 00:16:39,71.236,0.4833,29.286,1509.4
2026-01-01 00:16:40,69.911,0.5625,29.794,1470.8
2026-01-01 00:16:41,68.906,0.5344,29.76,1482.2
2026-01-01 00:16:42,69.378,0.5983,29.443,1485.6
2026-01-01 00:16:43,70.951,0.4226,30.343,1495.8
2026-01-01 00:16:44,70.004,0.4867,30.188,1484.8
2026-01-01 00:16:45,70.51,0.4769,28.727,1514.1
2026-01-01 00:16:46,71.005,0.4013,28.679,1467.9
2026-01-01 00:16:47,69.438,0.553,30.34,1468.4
2026-01-01 00:16:48,71.134,0.4865,29.348,1493.3
2026-01-01 00:16:49,70.568,0.537,30.242,1496.5
2026-01-01 00:16:50,68.148,0.618,30.625,1470.9
2026-01-01 00:16:51,72.163,0.4823,28.983,1487.9
2026-01-01 00:16:52,69.249,0.4789,28.871,1492.0
2026-01-01 00:16:53,67.517,0.5059,31.34,1492.1
2026-01-01 00:16:54,68.432,0.5494,30.281,1503.0
2026-01-01 00:16:55,68.468,0.4717,29.665,1486.8
2026-01-01 00:16:56,70.078,0.4685,29.253,1529.6
2026-01-01 00:16:57,69.589,0.5529,29.592,1509.8
2026-01-01 00:16:58,94.999,1.6561,19.327,1483.9
2026-01-01 00:16:59,70.93,0.3978,30.707,1501.9
2026-01-01 00:17:00,70.51,0.4387,29.379,1502.5
2026-01-01 00:17:01,70.474,0.5751,30.875,1524.3
2026-01-01 00:17:02,70.615,0.5201,29.679,1488.0
2026-01-01 00:17:03,70.924,0.4619,29.165,1515.3
2026-01-01 00:17:04,66.838,0.4915,29.659,1500.8
2026-01-01 00:17:05,69.453,0.5007,27.901,1529.8
2026-01-01 00:17:06,66.73,0.5368,29.903,1525.8
2026-01-01 00:17:07,70.054,0.4321,29.864,1503.9
2026-01-01 00:17:08,69.993,0.458,30.66,1494.8
2026-01-01 00:17:09,71.568,0.5136,28.491,1510.1
2026-01-01 00:17:10,71.781,0.495,30.929,1496.4
2026-01-01 00:17:11,70.304,0.5286,30.656,1533.6
2026-01-01 00:17:12,69.249,0.4385,31.002,1501.6
2026-01-01 00:17:13,70.728,0.5179,29.958,1491.9
2026-01-01 00:17:14,69.208,0.5546,30.811,1490.8
2026-01-01 00:17:15,69.998,0.5243,28.823,1475.7
2026-01-01 00:17:16,71.479,0.507,30.57,1511.1
2026-01-01 00:17:17,69.163,0.4952,29.383,1483.6
2026-01-01 00:17:18,71.209,0.4583,28.679,1522.0
2026-01-01 00:17:19,71.016,0.4964,29.101,1474.1
2026-01-01 00:17:20,68.568,0.563,30.004,1502.5
2026-01-01 00:17:21,71.461,0.494,29.341,1523.0
2026-01-01 00:17:22,71.048,0.4555,30.301,1457.0
2026-01-01 00:17:23,70.153,0.4754,28.553,1540.4
2026-01-01 00:17:24,68.857,0.51,28.298,1491.5
2026-01-01 00:17:25,68.711,0.4813,31.098,1502.8
2026-01-01 00:17:26,69.194,0.5243,30.723,1511.4
2026-01-01 00:17:27,70.814,0.5261,29.161,1514.5
2026-01-01 00:17:28,68.567,0.5444,29.998,1505.5
2026-01-01 00:17:29,70.656,0.5712,30.816,1519.9
2026-01-01 00:17:30,68.137,0.5498,30.335,1510.4
2026-01-01 00:17:31,69.694,0.4533,30.119,1535.2
2026-01-01 00:17:32,70.164,0.4548,30.876,1510.4
2026-01-01 00:17:33,73.668,0.4962,29.415,1539.3
2026-01-01 00:17:34,67.934,0.4774,30.025,1518.0
2026-01-01 00:17:35,72.208,0.4431,29.986,1463.9
2026-01-01 00:17:36,70.225,0.4779,29.782,1552.2
2026-01-01 00:17:37,70.617,0.4763,29.688,1488.5
2026-01-01 00:17:38,70.178,0.4664,30.058,1529.9
2026-01-01 00:17:39,70.667,0.4842,30.028,1500.5
2026-01-01 00:17:40,69.769,0.5589,29.161,1521.2
2026-01-01 00:17:41,72.181,0.51,30.641,1486.2
2026-01-01 00:17:42,69.315,0.6236,29.219,1512.5
2026-01-01 00:17:43,71.698,0.5085,29.825,1494.9
2026-01-01 00:17:44,69.033,0.4855,29.764,1531.6
2026-01-01 00:17:45,69.91,0.5002,30.286,1508.8
2026-01-01 00:17:46,68.392,0.5128,28.305,1518.7
2026-01-01 00:17:47,70.683,0.5218,30.713,1456.7
2026-01-01 00:17:48,72.168,0.6038,29.458,1498.3
2026-01-01 00:17:49,69.884,0.4577,30.976,1508.2
2026-01-01 00:17:50,69.705,0.543,29.617,1504.5
2026-01-01 00:17:51,68.328,0.5104,29.961,1519.2
2026-01-01 00:17:52,69.656,0.4214,31.531,1492.7
2026-01-01 00:17:53,67.611,0.5385,29.778,1501.0
2026-01-01 00:17:54,68.631,0.5634,30.991,1523.6
2026-01-01 00:17:55,70.34,0.4571,30.031,1454.4
2026-01-01 00:17:56,71.979,0.4996,30.332,1511.8
2026-01-01 00:17:57,74.214,0.4137,30.056,1493.3
2026-01-01 00:17:58,69.12,0.4371,30.678,1481.8
2026-01-01 00:17:59,72.153,0.5524,29.452,1506.7
2026-01-01 00:18:00,70.366,0.4767,29.213,1524.5
2026-01-01 00:18:01,69.773,0.4446,29.489,1520.8
2026-01-01 00:18:02,70.649,0.5115,30.08,1497.3
2026-01-01 00:18:03,70.093,0.4739,29.823,1517.5
2026-01-01 00:18:04,70.166,0.4765,30.568,1517.4
2026-01-01 00:18:05,69.388,0.537,31.044,1498.3
2026-01-01 00:18:06,67.903,0.4419,29.219,1486.1
2026-01-01 00:18:07,67.685,0.4547,29.413,1487.3
2026-01-01 00:18:08,70.98,0.5077,28.851,1516.8
2026-01-01 00:18:09,69.585,0.5485,31.624,1499.2
2026-01-01 00:18:10,69.106,0.5619,30.244,1479.1
2026-01-01 00:18:11,70.013,0.4667,30.384,1466.3
2026-01-01 00:18:12,71.192,0.5469,28.928,1516.6
2026-01-01 00:18:13,70.271,0.4608,29.999,1489.1
2026-01-01 00:18:14,69.016,0.5913,30.407,1506.6
2026-01-01 00:18:15,71.839,0.4433,29.798,1524.8
2026-01-01 00:18:16,72.369,0.5664,30.861,1473.8
2026-01-01 00:18:17,70.742,0.4672,31.849,1499.1
2026-01-01 00:18:18,71.46,0.6007,29.242,1496.6
2026-01-01 00:18:19,71.863,0.5296,29.182,1507.6
2026-01-01 00:18:20,71.695,0.4492,29.298,1524.8
2026-01-01 00:18:21,70.921,0.4739,31.285,1473.4
2026-01-01 00:18:22,70.898,0.5391,30.834,1511.4
2026-01-01 00:18:23,70.779,0.5526,29.892,1520.6
2026-01-01 00:18:24,68.354,0.4965,30.029,1496.3
2026-01-01 00:18:25,71.051,0.5022,29.347,1497.3
2026-01-01 00:18:26,67.966,0.5379,30.712,1508.4
2026-01-01 00:18:27,68.808,0.5066,29.696,1506.9
2026-01-01 00:18:28,71.955,0.4353,29.792,1511.6
2026-01-01 00:18:29,71.26,0.4594,30.487,1511.2
2026-01-01 00:18:30,72.231,0.5118,29.85,1480.4
2026-01-01 00:18:31,69.592,0.5608,29.812,1519.8
2026-01-01 00:18:32,68.272,0.5808,30.008,1523.3
2026-01-01 00:18:33,69.639,0.539,30.636,1503.7
2026-01-01 00:18:34,70.153,0.5144,31.317,1470.1
2026-01-01 00:18:35,70.118,0.5374,30.468,1497.7
2026-01-01 00:18:36,71.701,0.4667,30.643,1503.9
2026-01-01 00:18:37,69.458,0.4923,29.84,1477.1
2026-01-01 00:18:38,70.528,0.4588,29.434,1492.8
2026-01-01 00:18:39,68.517,0.4376,30.523,1471.8
2026-01-01 00:18:40,70.675,0.5167,30.137,1512.1
2026-01-01 00:18:41,70.005,0.5093,28.862,1503.3
2026-01-01 00:18:42,68.875,0.5344,29.738,1467.1
2026-01-01 00:18:43,69.646,0.5273,29.934,1507.0
2026-01-01 00:18:44,69.724,0.5121,29.592,1498.9
2026-01-01 00:18:45,69.595,0.5278,31.185,1510.3
2026-01-01 00:18:46,72.657,0.4979,30.384,1492.2
2026-01-01 00:18:47,69.852,0.5206,31.099,1484.0
2026-01-01 00:18:48,69.634,0.4637,30.211,1484.6
2026-01-01 00:18:49,66.854,0.5185,30.065,1489.2
2026-01-01 00:18:50,68.659,0.5334,29.251,1500.4
2026-01-01 00:18:51,69.605,0.4665,30.01,1503.0
2026-01-01 00:18:52,68.971,0.5026,30.01,1496.2
2026-01-01 00:18:53,72.073,0.4688,28.906,1491.5
2026-01-01 00:18:54,69.753,0.4737,29.568,1493.0
2026-01-01 00:18:55,71.933,0.4438,29.741,1550.2
2026-01-01 00:18:56,70.093,0.5633,30.331,1484.6
2026-01-01 00:18:57,70.056,0.5533,30.369,1488.8
2026-01-01 00:18:58,69.867,0.5269,29.535,1565.9
2026-01-01 00:18:59,70.006,0.5986,30.375,1508.4
2026-01-01 00:19:00,72.578,0.4905,29.854,1472.4
2026-01-01 00:19:01,66.521,0.6516,27.704,1516.9
2026-01-01 00:19:02,66.998,0.4886,29.612,1481.8
2026-01-01 00:19:03,69.185,0.5128,30.863,1518.2
2026-01-01 00:19:04,70.022,0.4801,28.655,1495.8
2026-01-01 00:19:05,71.035,0.5186,30.09,1491.2
2026-01-01 00:19:06,70.71,0.5418,31.268,1532.2
2026-01-01 00:19:07,69.424,0.4943,29.392,1511.3
2026-01-01 00:19:08,71.529,0.5888,30.002,1519.5
2026-01-01 00:19:09,71.545,0.512,28.957,1508.7
2026-01-01 00:19:10,70.276,0.5135,31.302,1491.1
2026-01-01 00:19:11,71.444,0.4546,29.933,1512.2
2026-01-01 00:19:12,70.409,0.5209,30.037,1524.2
2026-01-01 00:19:13,69.158,0.4933,31.083,1502.7
2026-01-01 00:19:14,71.047,0.4696,30.529,1536.0
2026-01-01 00:19:15,70.166,0.4612,29.299,1517.0
2026-01-01 00:19:16,70.002,0.6336,29.482,1504.2
2026-01-01 00:19:17,72.209,0.4868,30.396,1505.0
2026-01-01 00:19:18,66.324,0.4272,29.501,1502.7
2026-01-01 00:19:19,67.873,0.4651,28.306,1475.0
2026-01-01 00:19:20,68.219,0.4974,29.957,1498.2
2026-01-01 00:19:21,69.455,0.5273,28.816,1504.4
2026-01-01 00:19:22,69.618,0.5277,31.293,1491.7
2026-01-01 00:19:23,67.739,0.5338,30.141,1506.8
2026-01-01 00:19:24,68.522,0.4678,29.276,1500.4
2026-01-01 00:19:25,68.709,0.517,29.441,1515.5
2026-01-01 00:19:26,73.686,0.4562,28.488,1513.3
2026-01-01 00:19:27,72.703,0.469,29.12,1503.3
2026-01-01 00:19:28,69.382,0.4541,30.813,1472.7
2026-01-01 00:19:29,69.455,0.4406,31.785,1535.8
2026-01-01 00:19:30,68.276,0.5532,30.581,1497.2
2026-01-01 00:19:31,67.138,0.5344,29.926,1498.4
2026-01-01 00:19:32,69.825,0.5488,29.654,1493.1
2026-01-01 00:19:33,83.619,1.6862,18.594,1490.2
2026-01-01 00:19:34,69.873,0.5388,31.648,1530.9
2026-01-01 00:19:35,67.6,0.4119,29.849,1527.7
2026-01-01 00:19:36,68.857,0.5432,31.693,1508.9
2026-01-01 00:19:37,70.223,0.5089,31.115,1497.8
2026-01-01 00:19:38,70.549,0.5314,28.607,1512.4
2026-01-01 00:19:39,70.626,0.519,29.467,1501.5
2026-01-01 00:19:40,68.019,0.4506,29.465,1496.2
2026-01-01 00:19:41,71.282,0.4251,29.936,1506.8
2026-01-01 00:19:42,68.8,0.4644,29.952,1491.2
2026-01-01 00:19:43,70.949,0.5282,32.397,1505.0
2026-01-01 00:19:44,69.984,0.5345,29.138,1504.1
2026-01-01 00:19:45,67.935,0.4316,30.183,1512.1
2026-01-01 00:19:46,69.526,0.4509,30.493,1487.6
2026-01-01 00:19:47,70.548,0.4638,29.999,1514.2
2026-01-01 00:19:48,70.919,0.4821,30.088,1481.9
2026-01-01 00:19:49,69.789,0.4319,29.164,1488.5
2026-01-01 00:19:50,72.298,0.4289,30.085,1489.4
2026-01-01 00:19:51,71.511,0.4589,30.409,1478.6
2026-01-01 00:19:52,69.615,0.5043,30.262,1520.3
2026-01-01 00:19:53,71.125,0.441,30.456,1480.6
2026-01-01 00:19:54,72.901,0.4942,31.13,1486.0
2026-01-01 00:19:55,72.941,0.5529,30.75,1525.1
2026-01-01 00:19:56,68.158,0.4349,30.057,1488.6
2026-01-01 00:19:57,68.61,0.4897,29.063,1496.2
2026-01-01 00:19:58,72.227,0.5512,29.52,1479.8
2026-01-01 00:19:59,68.413,0.4791,29.824,1516.7
2026-01-01 00:20:00,68.016,0.4713,30.202,1516.9
2026-01-01 00:20:01,69.271,0.5582,29.617,1514.8
2026-01-01 00:20:02,70.63,0.4847,29.251,1510.8
2026-01-01 00:20:03,69.846,0.5552,29.049,1501.5
2026-01-01 00:20:04,69.024,0.5214,28.679,1489.5
2026-01-01 00:20:05,68.989,0.4829,29.812,1483.7
2026-01-01 00:20:06,68.931,0.524,28.824,1525.8
2026-01-01 00:20:07,68.681,0.516,29.2,1515.3
2026-01-01 00:20:08,73.422,0.551,29.685,1486.1
2026-01-01 00:20:09,70.446,0.4726,28.931,1500.8
2026-01-01 00:20:10,71.33,0.5021,30.304,1494.0
2026-01-01 00:20:11,69.266,0.4969,30.592,1477.4
2026-01-01 00:20:12,69.721,0.5352,29.56,1503.6
2026-01-01 00:20:13,84.161,1.4011,19.533,1491.7
2026-01-01 00:20:14,66.022,0.5508,30.43,1480.9
2026-01-01 00:20:15,67.933,0.5233,29.429,1470.4
2026-01-01 00:20:16,67.284,0.4342,29.374,1468.7
2026-01-01 00:20:17,66.625,0.5604,30.957,1492.6
2026-01-01 00:20:18,68.207,0.6117,30.707,1498.3
2026-01-01 00:20:19,71.987,0.5501,30.481,1482.5
2026-01-01 00:20:20,69.933,0.5713,30.741,1513.0
2026-01-01 00:20:21,71.936,0.5043,28.418,1498.7
2026-01-01 00:20:22,70.616,0.4169,31.083,1511.5
2026-01-01 00:20:23,71.174,0.4078,30.314,1496.3
2026-01-01 00:20:24,68.649,0.5128,30.809,1484.3
2026-01-01 00:20:25,70.786,0.4704,30.31,1502.3
2026-01-01 00:20:26,94.179,1.0486,21.968,1474.7
2026-01-01 00:20:27,69.135,0.4969,29.78,1510.8
2026-01-01 00:20:28,70.839,0.5308,30.294,1481.3
2026-01-01 00:20:29,70.849,0.4274,29.751,1518.4
2026-01-01 00:20:30,69.176,0.4776,30.694,1493.2
2026-01-01 00:20:31,68.316,0.5755,28.731,1521.3
2026-01-01 00:20:32,68.224,0.4462,29.567,1477.5
2026-01-01 00:20:33,70.13,0.5435,31.636,1486.4
2026-01-01 00:20:34,70.491,0.4758,29.499,1507.6
2026-01-01 00:20:35,68.811,0.5273,29.809,1523.4
2026-01-01 00:20:36,70.04,0.5549,29.294,1533.3
2026-01-01 00:20:37,70.856,0.5371,30.269,1500.8
2026-01-01 00:20:38,70.927,0.5455,29.411,1536.8
2026-01-01 00:20:39,72.328,0.4424,29.852,1494.2
2026-01-01 00:20:40,71.915,0.5557,30.679,1522.0
2026-01-01 00:20:41,68.498,0.4574,29.441,1481.2
2026-01-01 00:20:42,72.525,0.513,30.631,1508.4
2026-01-01 00:20:43,69.204,0.5129,30.658,1453.2
2026-01-01 00:20:44,71.567,0.5243,30.844,1477.6
2026-01-01 00:20:45,70.102,0.5168,30.112,1509.3
2026-01-01 00:20:46,69.382,0.4578,32.593,1473.8
2026-01-01 00:20:47,67.288,0.4325,30.844,1508.5
2026-01-01 00:20:48,69.743,0.5436,30.26,1518.1
2026-01-01 00:20:49,67.661,0.5093,29.299,1490.0
2026-01-01 00:20:50,71.451,0.5575,29.922,1480.6
2026-01-01 00:20:51,72.275,0.4978,31.141,1490.5
2026-01-01 00:20:52,68.805,0.4297,31.368,1480.7
2026-01-01 00:20:53,70.453,0.5483,31.183,1498.0
2026-01-01 00:20:54,68.912,0.4815,30.628,1502.0
2026-01-01 00:20:55,69.057,0.5171,28.995,1493.9
2026-01-01 00:20:56,71.162,0.4676,30.39,1533.5
2026-01-01 00:20:57,69.942,0.5822,29.007,1485.6
2026-01-01 00:20:58,72.609,0.4562,28.81,1527.8
2026-01-01 00:20:59,69.277,0.4831,30.191,1479.2
2026-01-01 00:21:00,71.499,0.5054,30.419,1501.5
2026-01-01 00:21:01,70.146,0.4454,30.723,1523.7
2026-01-01 00:21:02,71.194,0.5165,30.398,1522.6
2026-01-01 00:21:03,69.329,0.5806,30.425,1491.6
2026-01-01 00:21:04,69.926,0.4755,29.212,1511.1
2026-01-01 00:21:05,69.827,0.5198,29.916,1508.4
2026-01-01 00:21:06,68.746,0.3625,28.794,1489.2
2026-01-01 00:21:07,90.697,1.6607,20.785,1512.3
2026-01-01 00:21:08,70.975,0.4843,30.593,1537.2
2026-01-01 00:21:09,70.89,0.4591,29.398,1509.4
2026-01-01 00:21:10,72.305,0.5541,30.698,1511.3
2026-01-01 00:21:11,72.174,0.4837,30.887,1513.4
2026-01-01 00:21:12,69.438,0.4911,29.505,1470.8
2026-01-01 00:21:13,70.56,0.4811,30.472,1509.2
2026-01-01 00:21:14,69.065,0.4042,29.471,1479.7
2026-01-01 00:21:15,70.035,0.4434,28.523,1488.2
2026-01-01 00:21:16,69.1,0.5481,30.099,1543.2
2026-01-01 00:21:17,72.43,0.3945,29.623,1494.9
2026-01-01 00:21:18,70.546,0.4617,29.648,1485.2
2026-01-01 00:21:19,69.673,0.48,31.58,1523.1
2026-01-01 00:21:20,71.79,0.5872,28.779,1481.0
2026-01-01 00:21:21,66.744,0.5384,30.306,1491.1
2026-01-01 00:21:22,66.979,0.4721,29.204,1525.0
2026-01-01 00:21:23,71.194,0.5652,30.727,1500.9
2026-01-01 00:21:24,70.091,0.463,30.239,1468.8
2026-01-01 00:21:25,70.376,0.5505,30.303,1510.9
2026-01-01 00:21:26,68.01,0.4321,29.244,1492.1
2026-01-01 00:21:27,69.965,0.5537,29.388,1530.8
2026-01-01 00:21:28,73.005,0.4797,30.742,1487.9
2026-01-01 00:21:29,71.236,0.4486,31.417,1521.0
2026-01-01 00:21:30,70.255,0.4891,30.384,1535.5
2026-01-01 00:21:31,69.341,0.5139,29.282,1483.0
2026-01-01 00:21:32,69.408,0.4753,30.271,1496.1
2026-01-01 00:21:33,66.806,0.5277,31.942,1507.8
2026-01-01 00:21:34,70.386,0.4709,30.082,1482.9
2026-01-01 00:21:35,71.268,0.531,31.169,1505.4
2026-01-01 00:21:36,67.637,0.5221,29.408,1495.5
2026-01-01 00:21:37,69.008,0.497,29.966,1495.1
2026-01-01 00:21:38,68.264,0.4779,30.496,1501.0
2026-01-01 00:21:39,68.552,0.5076,30.318,1501.4
2026-01-01 00:21:40,70.08,0.5275,29.387,1503.3
2026-01-01 00:21:41,66.873,0.6031,29.352,1488.0
2026-01-01 00:21:42,70.921,0.547,30.791,1488.9
2026-01-01 00:21:43,71.131,0.5488,30.953,1497.6
2026-01-01 00:21:44,69.623,0.6544,31.21,1499.1
2026-01-01 00:21:45,66.279,0.5258,31.443,1491.2
2026-01-01 00:21:46,68.505,0.5242,30.108,1506.5
2026-01-01 00:21:47,71.849,0.5352,29.751,1463.7
2026-01-01 00:21:48,65.833,0.4496,31.081,1485.4
2026-01-01 00:21:49,69.479,0.4778,30.57,1494.4
2026-01-01 00:21:50,68.23,0.4747,29.214,1482.9
2026-01-01 00:21:51,71.207,0.5324,29.173,1532.6
2026-01-01 00:21:52,68.987,0.4913,30.394,1500.4
2026-01-01 00:21:53,70.606,0.5069,29.858,1503.5
2026-01-01 00:21:54,70.848,0.5544,29.979,1490.3
2026-01-01 00:21:55,72.754,0.5432,30.858,1499.7
2026-01-01 00:21:56,69.696,0.4919,30.607,1475.7
2026-01-01 00:21:57,70.564,0.4665,31.064,1496.6
2026-01-01 00:21:58,67.772,0.5568,28.455,1481.3
2026-01-01 00:21:59,71.786,0.5387,30.203,1494.5
2026-01-01 00:22:00,68.859,0.4197,30.556,1448.8
2026-01-01 00:22:01,69.159,0.4843,28.779,1477.4
2026-01-01 00:22:02,69.967,0.5083,29.476,1529.3
2026-01-01 00:22:03,67.656,0.5389,29.328,1516.6
2026-01-01 00:22:04,70.343,0.5455,30.017,1526.4
2026-01-01 00:22:05,71.451,0.5142,31.302,1527.8
2026-01-01 00:22:06,70.439,0.5293,31.618,1513.5
2026-01-01 00:22:07,67.617,0.5032,29.349,1490.9
2026-01-01 00:22:08,69.814,0.4663,30.421,1479.3
2026-01-01 00:22:09,71.113,0.4869,30.447,1522.9
2026-01-01 00:22:10,67.183,0.5009,30.31,1501.3
2026-01-01 00:22:11,68.388,0.4983,30.319,1549.9
2026-01-01 00:22:12,98.923,1.4009,21.334,1492.7
2026-01-01 00:22:13,70.405,0.4801,31.35,1539.5
2026-01-01 00:22:14,70.618,0.5028,30.882,1496.9
2026-01-01 00:22:15,72.789,0.4859,29.152,1526.7
2026-01-01 00:22:16,70.703,0.4877,30.637,1533.9
2026-01-01 00:22:17,70.987,0.5244,30.714,1479.5
2026-01-01 00:22:18,74.066,0.4461,30.252,1490.3
2026-01-01 00:22:19,69.679,0.4186,30.905,1479.3
2026-01-01 00:22:20,68.803,0.4826,30.15,1475.4
2026-01-01 00:22:21,70.642,0.5382,30.16,1513.3
2026-01-01 00:22:22,70.658,0.5844,30.097,1496.1
2026-01-01 00:22:23,69.21,0.5391,28.385,1501.0
2026-01-01 00:22:24,68.451,0.4266,29.936,1511.1
2026-01-01 00:22:25,73.465,0.4884,29.465,1462.9
2026-01-01 00:22:26,70.49,0.5128,29.051,1525.7
2026-01-01 00:22:27,68.902,0.5089,31.147,1493.0
2026-01-01 00:22:28,71.374,0.527,30.403,1510.6
2026-01-01 00:22:29,69.836,0.4541,29.976,1512.4
2026-01-01 00:22:30,69.621,0.5032,29.548,1527.4
2026-01-01 00:22:31,70.843,0.521,30.237,1497.9
2026-01-01 00:22:32,68.062,0.5413,30.793,1457.5
2026-01-01 00:22:33,70.529,0.4597,29.338,1501.1
2026-01-01 00:22:34,72.869,0.4827,29.996,1504.0
2026-01-01 00:22:35,70.699,0.3648,30.694,1479.3
2026-01-01 00:22:36,69.436,0.4689,28.451,1502.9
2026-01-01 00:22:37,69.239,0.4738,29.954,1492.8
2026-01-01 00:22:38,69.384,0.449,29.657,1473.1
2026-01-01 00:22:39,69.619,0.5083,29.893,1513.4
2026-01-01 00:22:40,69.433,0.4972,29.599,1488.7
2026-01-01 00:22:41,71.374,0.387,30.11,1491.9
2026-01-01 00:22:42,67.4,0.5108,31.539,1490.7
2026-01-01 00:22:43,71.293,0.4536,29.741,1524.7
2026-01-01 00:22:44,69.43,0.5243,30.233,1499.2
2026-01-01 00:22:45,70.565,0.4359,31.596,1501.6
2026-01-01 00:22:46,68.31,0.5015,29.56,1491.2
2026-01-01 00:22:47,71.993,0.4858,31.452,1509.3
2026-01-01 00:22:48,71.868,0.5152,30.004,1527.0
2026-01-01 00:22:49,71.439,0.5062,31.426,1513.0
2026-01-01 00:22:50,67.728,0.4872,30.6,1513.7
2026-01-01 00:22:51,71.244,0.4232,30.246,1512.1
2026-01-01 00:22:52,70.607,0.4261,29.947,1472.4
2026-01-01 00:22:53,67.592,0.4708,29.501,1482.5
2026-01-01 00:22:54,69.964,0.4996,30.061,1495.9
2026-01-01 00:22:55,70.547,0.4696,30.718,1485.5
2026-01-01 00:22:56,70.834,0.5313,29.99,1478.7
2026-01-01 00:22:57,70.266,0.486,29.747,1462.6
2026-01-01 00:22:58,70.437,0.4517,29.799,1473.1
2026-01-01 00:22:59,72.21,0.4861,30.794,1494.9
2026-01-01 00:23:00,71.839,0.5113,30.98,1498.6
2026-01-01 00:23:01,65.699,0.5162,29.466,1484.1
2026-01-01 00:23:02,69.524,0.5939,29.465,1501.6
2026-01-01 00:23:03,69.753,0.4666,30.303,1491.3
2026-01-01 00:23:04,67.372,0.4963,31.222,1521.8
2026-01-01 00:23:05,70.141,0.5213,30.917,1496.8
2026-01-01 00:23:06,71.873,0.4988,28.999,1513.9
2026-01-01 00:23:07,89.006,1.178,19.944,1504.1
2026-01-01 00:23:08,70.505,0.4225,29.256,1472.0
2026-01-01 00:23:09,68.626,0.4745,29.786,1498.2
2026-01-01 00:23:10,68.992,0.4463,31.284,1475.3
2026-01-01 00:23:11,72.216,0.4137,28.862,1497.8
2026-01-01 00:23:12,69.186,0.4602,28.705,1485.1
2026-01-01 00:23:13,70.693,0.4476,29.337,1507.6
2026-01-01 00:23:14,67.193,0.5292,30.23,1473.2
2026-01-01 00:23:15,72.793,0.5301,30.497,1500.3
2026-01-01 00:23:16,70.904,0.4548,30.35,1511.4
2026-01-01 00:23:17,69.726,0.487,30.941,1518.2
2026-01-01 00:23:18,70.863,0.4071,28.59,1484.7
2026-01-01 00:23:19,67.885,0.4753,30.951,1500.4
2026-01-01 00:23:20,71.774,0.5199,29.75,1503.7
2026-01-01 00:23:21,69.514,0.5412,30.585,1530.9
2026-01-01 00:23:22,69.694,0.4643,28.941,1470.4
2026-01-01 00:23:23,69.263,0.5526,30.004,1481.8
2026-01-01 00:23:24,69.129,0.4242,30.189,1556.1
2026-01-01 00:23:25,71.042,0.4376,30.925,1494.5
2026-01-01 00:23:26,70.384,0.5355,28.732,1462.2
2026-01-01 00:23:27,70.978,0.5836,30.025,1488.3
2026-01-01 00:23:28,69.987,0.5247,29.132,1444.6
2026-01-01 00:23:29,70.77,0.498,30.404,1504.8
2026-01-01 00:23:30,69.372,0.3902,30.622,1516.2
2026-01-01 00:23:31,96.064,1.8001,21.07,1481.8
2026-01-01 00:23:32,67.648,0.5065,29.572,1490.6
2026-01-01 00:23:33,71.891,0.4821,30.742,1518.5
2026-01-01 00:23:34,72.052,0.4447,31.089,1465.0
2026-01-01 00:23:35,68.722,0.5033,28.685,1473.6
2026-01-01 00:23:36,73.344,0.5058,30.49,1495.4
2026-01-01 00:23:37,71.493,0.5472,30.767,1485.0
2026-01-01 00:23:38,71.457,0.5068,29.793,1494.1
2026-01-01 00:23:39,70.042,0.5614,29.031,1474.7
2026-01-01 00:23:40,69.674,0.5004,30.754,1504.3
2026-01-01 00:23:41,75.201,1.805,18.537,1497.0
2026-01-01 00:23:42,70.586,0.5532,29.857,1511.0
2026-01-01 00:23:43,72.102,0.4511,29.968,1504.0
2026-01-01 00:23:44,97.34,1.3073,26.059,1504.1
2026-01-01 00:23:45,68.633,0.5188,29.499,1471.1
2026-01-01 00:23:46,71.237,0.519,29.452,1509.9
2026-01-01 00:23:47,71.382,0.5263,30.079,1493.4
2026-01-01 00:23:48,70.982,0.5939,30.805,1496.7
2026-01-01 00:23:49,71.118,0.5396,31.83,1521.0
2026-01-01 00:23:50,69.594,0.4197,28.794,1485.6
2026-01-01 00:23:51,68.607,0.5702,30.252,1527.0
2026-01-01 00:23:52,68.698,0.483,29.131,1528.9
2026-01-01 00:23:53,67.547,0.5054,30.815,1515.1
2026-01-01 00:23:54,70.355,0.436,29.249,1480.4
2026-01-01 00:23:55,69.875,0.5263,29.46,1456.3
2026-01-01 00:23:56,69.34,0.4674,29.529,1521.6
2026-01-01 00:23:57,65.567,0.505,29.939,1502.2
2026-01-01 00:23:58,68.129,0.4858,30.259,1485.1
2026-01-01 00:23:59,71.681,0.5963,30.387,1523.5
2026-01-01 00:24:00,69.003,0.5991,29.995,1482.8
2026-01-01 00:24:01,70.541,0.5023,28.936,1491.5
2026-01-01 00:24:02,67.914,0.5032,30.582,1510.5
2026-01-01 00:24:03,72.158,0.4813,29.958,1477.7
2026-01-01 00:24:04,69.784,0.5553,30.929,1497.8
2026-01-01 00:24:05,70.435,0.4836,29.434,1521.8
2026-01-01 00:24:06,73.489,0.4789,28.718,1504.2
2026-01-01 00:24:07,72.275,0.5489,29.973,1524.9
2026-01-01 00:24:08,69.54,0.4731,31.037,1522.7
2026-01-01 00:24:09,69.11,0.4981,30.129,1500.2
2026-01-01 00:24:10,69.512,0.4209,29.84,1453.3
2026-01-01 00:24:11,70.765,0.5352,29.304,1477.9
2026-01-01 00:24:12,69.842,0.597,31.406,1515.3
2026-01-01 00:24:13,69.407,0.5361,29.176,1469.0
2026-01-01 00:24:14,72.201,0.5731,29.42,1493.5
2026-01-01 00:24:15,69.829,0.4577,30.456,1506.8
2026-01-01 00:24:16,73.449,0.5118,28.515,1529.4
2026-01-01 00:24:17,70.136,0.4528,31.02,1488.5
2026-01-01 00:24:18,72.678,0.4886,30.499,1487.1
2026-01-01 00:24:19,70.536,0.5386,30.719,1499.0
2026-01-01 00:24:20,71.444,0.5051,30.446,1507.0
2026-01-01 00:24:21,68.913,0.4294,29.871,1496.9
2026-01-01 00:24:22,68.719,0.4342,29.149,1521.0
2026-01-01 00:24:23,70.69,0.4309,29.888,1484.0
2026-01-01 00:24:24,71.483,0.5246,29.22,1502.4
2026-01-01 00:24:25,70.06,0.6032,30.389,1508.9
2026-01-01 00:24:26,68.07,0.5681,30.645,1492.0
2026-01-01 00:24:27,67.96,0.4052,31.181,1516.8
2026-01-01 00:24:28,67.859,0.5711,30.297,1503.0
2026-01-01 00:24:29,67.349,0.5468,30.74,1515.8
2026-01-01 00:24:30,70.164,0.4227,29.762,1503.9
2026-01-01 00:24:31,71.688,0.4848,29.617,1507.5
2026-01-01 00:24:32,69.98,0.5548,30.379,1487.4
2026-01-01 00:24:33,66.609,0.5275,29.691,1487.4
2026-01-01 00:24:34,69.714,0.4345,30.215,1524.5
2026-01-01 00:24:35,69.756,0.5305,29.151,1512.7
2026-01-01 00:24:36,73.144,0.3931,29.295,1479.5
2026-01-01 00:24:37,67.814,0.4889,30.508,1503.6
2026-01-01 00:24:38,69.414,0.5569,30.709,1452.5
2026-01-01 00:24:39,72.559,0.5009,29.211,1488.5
2026-01-01 00:24:40,70.675,0.4751,30.536,1519.2
2026-01-01 00:24:41,70.845,0.5445,29.574,1497.5
2026-01-01 00:24:42,70.172,0.5487,30.013,1502.4
2026-01-01 00:24:43,70.495,0.5655,31.134,1439.7
2026-01-01 00:24:44,71.166,0.5437,30.646,1492.2
2026-01-01 00:24:45,68.786,0.5541,30.637,1506.8
2026-01-01 00:24:46,71.317,0.5366,31.527,1509.3
2026-01-01 00:24:47,67.94,0.5133,29.437,1519.2
2026-01-01 00:24:48,70.493,0.5045,29.211,1495.8
2026-01-01 00:24:49,70.268,0.4881,29.422,1496.7
2026-01-01 00:24:50,69.076,0.4394,29.796,1473.4
2026-01-01 00:24:51,69.966,0.4522,28.116,1495.9
2026-01-01 00:24:52,69.066,0.4859,29.834,1474.8
2026-01-01 00:24:53,68.392,0.5121,29.564,1463.0
2026-01-01 00:24:54,69.47,0.572,30.627,1478.3
2026-01-01 00:24:55,68.344,0.4979,30.282,1530.2
2026-01-01 00:24:56,70.484,0.5502,29.519,1494.6
2026-01-01 00:24:57,68.275,0.554,30.472,1504.4
2026-01-01 00:24:58,71.068,0.4884,30.579,1489.7
2026-01-01 00:24:59,68.228,0.5297,29.385,1464.2
2026-01-01 00:25:00,69.151,0.4878,29.606,1518.7
2026-01-01 00:25:01,69.063,0.5661,28.22,1456.6
2026-01-01 00:25:02,71.988,0.5318,29.127,1488.9
2026-01-01 00:25:03,70.495,0.4405,29.406,1498.9
2026-01-01 00:25:04,69.682,0.5081,30.059,1504.6
2026-01-01 00:25:05,70.748,0.5824,29.244,1485.5
2026-01-01 00:25:06,88.711,1.8554,23.222,1463.2
2026-01-01 00:25:07,69.935,0.5224,29.02,1484.0
2026-01-01 00:25:08,72.996,0.5273,30.137,1485.0
2026-01-01 00:25:09,70.199,0.4482,30.341,1484.5
2026-01-01 00:25:10,70.102,0.5255,30.322,1519.4
2026-01-01 00:25:11,70.822,0.4303,30.01,1475.7
2026-01-01 00:25:12,71.343,0.4687,28.767,1506.0
2026-01-01 00:25:13,67.004,0.5538,29.504,1503.2
2026-01-01 00:25:14,67.477,0.5178,29.674,1519.2
2026-01-01 00:25:15,70.315,0.4848,29.677,1497.3
2026-01-01 00:25:16,68.928,0.5223,30.06,1515.8
2026-01-01 00:25:17,71.968,0.497,31.14,1496.6
2026-01-01 00:25:18,69.527,0.5006,30.65,1508.7
2026-01-01 00:25:19,67.098,0.5328,29.21,1469.9
2026-01-01 00:25:20,68.098,0.4636,30.543,1447.2
2026-01-01 00:25:21,65.875,0.502,30.512,1507.6
2026-01-01 00:25:22,69.649,0.4844,29.355,1508.6
2026-01-01 00:25:23,69.717,0.4207,30.679,1509.5
2026-01-01 00:25:24,69.363,0.454,29.872,1489.5
2026-01-01 00:25:25,71.618,0.5784,28.872,1529.8
2026-01-01 00:25:26,84.888,1.3645,23.836,1490.8
2026-01-01 00:25:27,69.744,0.4338,30.174,1508.4
2026-01-01 00:25:28,66.798,0.423,29.818,1511.9
2026-01-01 00:25:29,70.926,0.4944,29.97,1534.4
2026-01-01 00:25:30,70.833,0.5781,29.425,1493.7
2026-01-01 00:25:31,70.464,0.4907,30.488,1486.9
2026-01-01 00:25:32,71.472,0.5653,29.965,1470.0
2026-01-01 00:25:33,68.253,0.5176,30.133,1531.0
2026-01-01 00:25:34,73.013,0.5236,30.286,1508.4
2026-01-01 00:25:35,68.561,0.4332,29.076,1509.1
2026-01-01 00:25:36,71.124,0.5469,29.285,1562.3
2026-01-01 00:25:37,67.469,0.4833,28.232,1506.5
2026-01-01 00:25:38,68.605,0.5432,30.452,1474.0
2026-01-01 00:25:39,72.275,0.4593,29.03,1496.1
2026-01-01 00:25:40,69.609,0.5089,30.106,1480.5
2026-01-01 00:25:41,71.26,0.5176,30.297,1492.1
2026-01-01 00:25:42,70.355,0.4923,30.482,1491.9
2026-01-01 00:25:43,69.843,0.5202,29.037,1488.3
2026-01-01 00:25:44,72.046,0.4867,29.948,1472.1
2026-01-01 00:25:45,69.645,0.4675,31.336,1531.9
2026-01-01 00:25:46,67.329,0.5803,31.371,1506.0
2026-01-01 00:25:47,68.795,0.5524,30.79,1495.5
2026-01-01 00:25:48,70.827,0.462,30.27,1515.2
2026-01-01 00:25:49,70.593,0.5284,29.196,1509.4
2026-01-01 00:25:50,67.649,0.4629,30.575,1505.5
2026-01-01 00:25:51,68.913,0.4408,29.874,1513.7
2026-01-01 00:25:52,69.127,0.5517,30.448,1502.7
2026-01-01 00:25:53,69.452,0.4148,29.494,1513.4
2026-01-01 00:25:54,67.936,0.5463,29.862,1515.1
2026-01-01 00:25:55,69.057,0.4874,30.131,1503.3
2026-01-01 00:25:56,68.907,0.4894,30.197,1495.6
2026-01-01 00:25:57,71.157,0.5205,30.395,1530.6
2026-01-01 00:25:58,71.214,0.5291,29.537,1490.4
2026-01-01 00:25:59,69.781,0.4587,28.925,1507.8
2026-01-01 00:26:00,69.412,0.5359,31.3,1508.3
2026-01-01 00:26:01,70.21,0.5057,31.991,1487.8
2026-01-01 00:26:02,68.775,0.4372,30.358,1483.8
2026-01-01 00:26:03,68.28,0.4915,28.941,1492.9
2026-01-01 00:26:04,68.59,0.5691,29.381,1490.2
2026-01-01 00:26:05,69.048,0.5838,30.407,1470.8
2026-01-01 00:26:06,68.255,0.5359,31.073,1487.0
2026-01-01 00:26:07,70.243,0.4405,29.03,1505.3
2026-01-01 00:26:08,71.095,0.5245,29.901,1525.3
2026-01-01 00:26:09,67.619,0.5425,30.157,1511.1
2026-01-01 00:26:10,70.038,0.5363,30.692,1448.0
2026-01-01 00:26:11,69.67,0.5392,29.725,1512.8
2026-01-01 00:26:12,70.512,0.5182,28.749,1488.8
2026-01-01 00:26:13,69.981,0.4964,30.497,1509.1
2026-01-01 00:26:14,67.82,0.4696,30.9,1499.7
2026-01-01 00:26:15,68.106,0.4051,29.934,1496.1
2026-01-01 00:26:16,70.044,0.517,30.324,1498.0
2026-01-01 00:26:17,71.543,0.5093,29.62,1499.6
2026-01-01 00:26:18,66.679,0.5279,29.323,1526.9
2026-01-01 00:26:19,70.519,0.4331,30.821,1499.6
2026-01-01 00:26:20,71.784,0.5323,30.31,1521.7
2026-01-01 00:26:21,69.77,0.6027,30.392,1518.8
2026-01-01 00:26:22,70.825,0.5039,31.202,1513.3
2026-01-01 00:26:23,68.945,0.4969,29.156,1464.3
2026-01-01 00:26:24,69.821,0.5155,29.558,1522.3
2026-01-01 00:26:25,67.569,0.6016,30.126,1490.8
2026-01-01 00:26:26,66.483,0.4488,29.549,1514.3
2026-01-01 00:26:27,71.414,0.5102,30.627,1480.5
2026-01-01 00:26:28,68.523,0.46,29.85,1476.3
2026-01-01 00:26:29,69.317,0.4726,29.206,1539.5
2026-01-01 00:26:30,67.92,0.4975,30.053,1480.9
2026-01-01 00:26:31,67.885,0.5674,30.136,1522.9
2026-01-01 00:26:32,69.739,0.59,30.748,1502.4
2026-01-01 00:26:33,68.906,0.5224,30.315,1491.6
2026-01-01 00:26:34,70.567,0.4812,30.369,1499.1
2026-01-01 00:26:35,70.679,0.6246,30.256,1474.0
2026-01-01 00:26:36,70.481,0.4786,29.849,1499.7
2026-01-01 00:26:37,70.358,0.4714,29.427,1478.3
2026-01-01 00:26:38,72.367,0.4113,30.231,1492.1
2026-01-01 00:26:39,68.399,0.5698,29.734,1518.5
2026-01-01 00:26:40,69.918,0.5484,31.352,1505.1
2026-01-01 00:26:41,71.699,0.6209,31.074,1470.4
2026-01-01 00:26:42,71.897,0.4305,30.506,1517.0
2026-01-01 00:26:43,67.867,0.5729,30.303,1499.9
2026-01-01 00:26:44,69.531,0.5035,29.93,1489.2
2026-01-01 00:26:45,72.037,0.5403,28.991,1514.9
2026-01-01 00:26:46,70.762,0.4176,29.827,1496.7
2026-01-01 00:26:47,70.293,0.5734,30.081,1476.7
2026-01-01 00:26:48,69.673,0.5393,30.184,1537.0
2026-01-01 00:26:49,69.424,0.4981,30.376,1499.7
2026-01-01 00:26:50,70.432,0.5323,30.737,1498.4
2026-01-01 00:26:51,69.621,0.4617,29.446,1491.9
2026-01-01 00:26:52,69.936,0.471,29.454,1523.6
2026-01-01 00:26:53,70.118,0.4768,31.161,1489.5
2026-01-01 00:26:54,68.983,0.4074,30.617,1469.1
2026-01-01 00:26:55,70.798,0.5431,29.687,1486.4
2026-01-01 00:26:56,74.371,0.5596,29.914,1526.5
2026-01-01 00:26:57,67.335,0.4649,29.918,1516.6
2026-01-01 00:26:58,70.486,0.5174,30.025,1494.9
2026-01-01 00:26:59,68.86,0.4867,30.378,1527.5
2026-01-01 00:27:00,70.866,0.5164,32.028,1515.0
2026-01-01 00:27:01,70.07,0.4686,30.152,1494.7
2026-01-01 00:27:02,71.143,0.4558,30.53,1496.7
2026-01-01 00:27:03,71.763,0.5526,28.651,1506.6
2026-01-01 00:27:04,70.289,0.4968,29.612,1483.4
2026-01-01 00:27:05,71.698,0.6011,30.983,1500.1
2026-01-01 00:27:06,66.484,0.5023,30.322,1506.2
2026-01-01 00:27:07,72.386,0.4537,26.489,1466.3
2026-01-01 00:27:08,70.563,0.5613,30.539,1496.2
2026-01-01 00:27:09,71.617,0.5315,31.535,1493.9
2026-01-01 00:27:10,68.17,0.5363,28.403,1520.6
2026-01-01 00:27:11,68.754,0.5595,31.216,1463.1
2026-01-01 00:27:12,70.219,0.4674,27.782,1492.4
2026-01-01 00:27:13,69.974,0.4936,30.75,1490.4
2026-01-01 00:27:14,70.425,0.4914,29.993,1519.2
2026-01-01 00:27:15,71.627,0.4355,28.12,1499.1
2026-01-01 00:27:16,67.352,0.4868,30.357,1535.9
2026-01-01 00:27:17,71.461,0.5668,30.921,1513.2
2026-01-01 00:27:18,70.012,0.5119,30.291,1491.8
2026-01-01 00:27:19,69.694,0.4327,30.468,1504.8
2026-01-01 00:27:20,67.793,0.4222,29.671,1492.9
2026-01-01 00:27:21,70.755,0.5832,28.511,1517.2
2026-01-01 00:27:22,66.379,0.4955,30.553,1473.4
2026-01-01 00:27:23,70.973,0.4676,31.4,1483.5
2026-01-01 00:27:24,67.762,0.4863,30.904,1509.1
2026-01-01 00:27:25,70.08,0.4261,28.41,1524.5
2026-01-01 00:27:26,69.821,0.5712,28.788,1456.0
2026-01-01 00:27:27,71.754,0.4803,29.323,1527.5
2026-01-01 00:27:28,69.732,0.5684,28.726,1497.2
2026-01-01 00:27:29,68.959,0.5026,30.035,1462.3
2026-01-01 00:27:30,69.24,0.5715,30.315,1440.0
2026-01-01 00:27:31,71.909,0.5128,28.856,1469.4
2026-01-01 00:27:32,70.804,0.5427,30.622,1499.6
2026-01-01 00:27:33,69.422,0.536,30.481,1498.7
2026-01-01 00:27:34,69.645,0.5312,29.561,1512.7
2026-01-01 00:27:35,67.649,0.5174,29.862,1489.0
2026-01-01 00:27:36,70.583,0.4884,28.44,1477.8
2026-01-01 00:27:37,67.36,0.5958,29.734,1491.7
2026-01-01 00:27:38,71.128,0.4547,30.006,1500.7
2026-01-01 00:27:39,70.193,0.5002,30.135,1504.6
2026-01-01 00:27:40,73.58,0.5007,30.303,1484.2
2026-01-01 00:27:41,68.35,0.5201,30.195,1518.0
2026-01-01 00:27:42,69.846,0.4785,29.789,1487.6
2026-01-01 00:27:43,99.592,1.2684,20.96,1482.6
2026-01-01 00:27:44,71.787,0.4916,30.802,1489.2
2026-01-01 00:27:45,68.956,0.4209,29.924,1521.5
2026-01-01 00:27:46,70.336,0.5005,30.254,1497.3
2026-01-01 00:27:47,70.003,0.445,29.851,1486.1
2026-01-01 00:27:48,70.423,0.4133,29.483,1518.5
2026-01-01 00:27:49,68.952,0.5068,30.418,1542.9
2026-01-01 00:27:50,69.866,0.5244,29.556,1504.2
2026-01-01 00:27:51,67.603,0.5263,30.309,1524.7
2026-01-01 00:27:52,70.203,0.5284,30.023,1520.7
2026-01-01 00:27:53,70.675,0.4034,29.757,1487.9
2026-01-01 00:27:54,86.497,1.3678,23.837,1500.5
2026-01-01 00:27:55,89.706,1.8124,21.671,1474.3
2026-01-01 00:27:56,71.483,0.4476,28.683,1495.9
2026-01-01 00:27:57,70.547,0.5305,30.306,1487.5
2026-01-01 00:27:58,68.911,0.4657,30.185,1491.9
2026-01-01 00:27:59,69.579,0.504,30.68,1485.0
2026-01-01 00:28:00,67.749,0.4683,29.575,1494.3
2026-01-01 00:28:01,68.462,0.5281,31.516,1510.6
2026-01-01 00:28:02,69.193,0.5068,29.696,1497.6
2026-01-01 00:28:03,71.843,0.4776,29.3,1462.7
2026-01-01 00:28:04,69.041,0.4475,29.205,1485.1
2026-01-01 00:28:05,70.96,0.5134,28.613,1469.6
2026-01-01 00:28:06,69.193,0.4394,31.226,1504.9
2026-01-01 00:28:07,70.372,0.5214,31.097,1510.1
2026-01-01 00:28:08,69.788,0.6313,30.481,1505.1
2026-01-01 00:28:09,71.31,0.5675,29.283,1484.3
2026-01-01 00:28:10,69.198,0.5359,31.449,1504.9
2026-01-01 00:28:11,67.641,0.4957,29.719,1490.6
2026-01-01 00:28:12,67.927,0.4031,29.785,1477.2
2026-01-01 00:28:13,69.202,0.4339,31.15,1514.8
2026-01-01 00:28:14,68.126,0.5641,30.527,1516.4
2026-01-01 00:28:15,70.615,0.4605,31.761,1519.0
2026-01-01 00:28:16,69.301,0.465,30.199,1487.8
2026-01-01 00:28:17,73.562,0.4917,29.682,1523.6
2026-01-01 00:28:18,67.393,0.4469,29.511,1490.1
2026-01-01 00:28:19,70.305,0.4387,28.522,1513.1
2026-01-01 00:28:20,68.308,0.4975,29.777,1489.8
2026-01-01 00:28:21,69.26,0.4554,30.916,1495.5
2026-01-01 00:28:22,70.212,0.4629,30.479,1451.6
2026-01-01 00:28:23,66.512,0.4609,30.016,1494.0
2026-01-01 00:28:24,70.355,0.5261,29.204,1501.8
2026-01-01 00:28:25,72.854,0.4884,30.181,1491.8
2026-01-01 00:28:26,69.32,0.4911,30.81,1535.1
2026-01-01 00:28:27,70.39,0.5298,30.345,1476.8
2026-01-01 00:28:28,71.537,0.4929,30.133,1488.7
2026-01-01 00:28:29,69.754,0.4861,29.362,1481.9
2026-01-01 00:28:30,69.129,0.5235,30.694,1488.7
2026-01-01 00:28:31,66.586,0.5334,27.494,1520.6
2026-01-01 00:28:32,70.961,0.4926,30.306,1529.6
2026-01-01 00:28:33,69.83,0.504,32.056,1486.0
2026-01-01 00:28:34,68.481,0.4609,28.793,1485.5
2026-01-01 00:28:35,70.19,0.457,29.807,1476.9
2026-01-01 00:28:36,69.124,0.5385,29.994,1526.1
2026-01-01 00:28:37,69.207,0.5222,29.63,1522.4
2026-01-01 00:28:38,70.909,0.5228,30.829,1497.9
2026-01-01 00:28:39,67.992,0.514,30.378,1472.1
2026-01-01 00:28:40,71.571,0.5023,30.122,1473.9
2026-01-01 00:28:41,67.903,0.5348,30.638,1503.4
2026-01-01 00:28:42,69.006,0.5468,30.013,1511.0
2026-01-01 00:28:43,72.884,0.5456,32.544,1458.7
2026-01-01 00:28:44,71.691,0.495,30.121,1493.6
2026-01-01 00:28:45,70.146,0.5693,30.156,1532.4
2026-01-01 00:28:46,68.589,0.5114,28.632,1495.6
2026-01-01 00:28:47,69.206,0.5316,29.565,1529.8
2026-01-01 00:28:48,70.11,0.5141,30.918,1513.0
2026-01-01 00:28:49,70.056,0.5124,28.932,1478.3
2026-01-01 00:28:50,69.864,0.4632,28.274,1494.1
2026-01-01 00:28:51,69.954,0.5351,30.026,1497.4
2026-01-01 00:28:52,69.678,0.6423,31.097,1480.9
2026-01-01 00:28:53,67.837,0.4813,30.034,1480.6
2026-01-01 00:28:54,69.225,0.5035,29.731,1530.1
2026-01-01 00:28:55,71.372,0.4777,28.513,1480.5
2026-01-01 00:28:56,67.947,0.4756,30.362,1521.6
2026-01-01 00:28:57,69.716,0.5772,30.529,1491.3
2026-01-01 00:28:58,68.77,0.4664,28.575,1499.5
2026-01-01 00:28:59,70.167,0.4763,30.908,1511.2
2026-01-01 00:29:00,69.417,0.4206,30.613,1488.0
2026-01-01 00:29:01,72.216,0.4621,30.906,1511.4
2026-01-01 00:29:02,70.76,0.4146,30.467,1459.1
2026-01-01 00:29:03,68.032,0.5316,30.523,1508.8
2026-01-01 00:29:04,71.007,0.64,30.417,1450.6
2026-01-01 00:29:05,68.838,0.4817,30.695,1495.5
2026-01-01 00:29:06,69.135,0.4167,28.545,1517.1
2026-01-01 00:29:07,70.471,0.545,28.799,1512.4
2026-01-01 00:29:08,69.262,0.4637,29.411,1474.0
2026-01-01 00:29:09,71.339,0.565,29.896,1476.6
2026-01-01 00:29:10,68.838,0.4859,30.311,1486.2
2026-01-01 00:29:11,69.072,0.4684,30.26,1503.7
2026-01-01 00:29:12,69.015,0.4911,30.894,1459.4
2026-01-01 00:29:13,69.152,0.5379,30.919,1499.7
2026-01-01 00:29:14,71.649,0.4886,29.302,1506.2
2026-01-01 00:29:15,70.943,0.4752,30.191,1494.3
2026-01-01 00:29:16,72.565,0.4901,29.322,1510.5
2026-01-01 00:29:17,73.401,0.4364,29.849,1504.5
2026-01-01 00:29:18,68.454,0.5199,30.257,1489.2
2026-01-01 00:29:19,70.106,0.4107,27.273,1461.3
2026-01-01 00:29:20,68.236,0.4778,31.929,1502.7
2026-01-01 00:29:21,68.834,0.538,30.453,1480.9
2026-01-01 00:29:22,69.055,0.5152,29.523,1488.4
2026-01-01 00:29:23,68.414,0.5295,31.542,1509.6
2026-01-01 00:29:24,68.422,0.4967,29.722,1528.3
2026-01-01 00:29:25,69.784,0.5585,30.106,1499.2
2026-01-01 00:29:26,68.175,0.5462,29.61,1511.1
2026-01-01 00:29:27,71.263,0.5223,31.322,1471.1
2026-01-01 00:29:28,68.623,0.5464,29.916,1504.9
2026-01-01 00:29:29,74.214,0.5375,30.12,1498.8
2026-01-01 00:29:30,69.323,0.478,30.963,1524.6
2026-01-01 00:29:31,70.108,0.4328,30.468,1489.2
2026-01-01 00:29:32,68.057,0.521,29.957,1495.2
2026-01-01 00:29:33,72.559,0.5273,30.888,1521.2
2026-01-01 00:29:34,71.679,0.5545,32.031,1498.2
2026-01-01 00:29:35,70.445,0.4532,30.254,1477.8
2026-01-01 00:29:36,67.98,0.4547,30.093,1551.0
2026-01-01 00:29:37,70.316,0.523,30.137,1478.4
2026-01-01 00:29:38,68.318,0.4964,31.048,1498.7
2026-01-01 00:29:39,72.194,0.4057,29.521,1506.9
2026-01-01 00:29:40,71.214,0.5188,29.777,1505.4
2026-01-01 00:29:41,70.143,0.4074,28.77,1496.2
2026-01-01 00:29:42,66.345,0.4527,29.053,1496.3
2026-01-01 00:29:43,68.525,0.5676,29.586,1495.3
2026-01-01 00:29:44,71.032,0.5912,29.955,1477.7
2026-01-01 00:29:45,71.819,0.4392,31.415,1543.0
2026-01-01 00:29:46,71.664,0.4835,30.429,1495.6
2026-01-01 00:29:47,67.612,0.5021,29.27,1511.9
2026-01-01 00:29:48,70.452,0.5891,29.418,1493.3
2026-01-01 00:29:49,71.523,0.4754,31.1,1492.9
2026-01-01 00:29:50,67.512,0.4762,30.901,1490.9
2026-01-01 00:29:51,69.988,0.5774,30.023,1469.0
2026-01-01 00:29:52,70.411,0.4813,29.646,1496.8
2026-01-01 00:29:53,69.549,0.5361,30.9,1491.9
2026-01-01 00:29:54,85.643,1.0368,19.916,1523.4
2026-01-01 00:29:55,69.511,0.4914,30.314,1476.1
2026-01-01 00:29:56,69.509,0.417,31.818,1488.5
2026-01-01 00:29:57,69.778,0.4472,30.164,1482.0
2026-01-01 00:29:58,69.155,0.542,29.38,1528.9
2026-01-01 00:29:59,69.335,0.4975,30.328,1482.6
2026-01-01 00:30:00,69.94,0.484,29.624,1511.2
2026-01-01 00:30:01,70.664,0.4626,28.885,1519.4
2026-01-01 00:30:02,69.543,0.489,30.561,1497.1
2026-01-01 00:30:03,69.386,0.5151,30.894,1472.5
2026-01-01 00:30:04,70.139,0.5491,29.751,1472.7
2026-01-01 00:30:05,67.119,0.3687,29.698,1517.2
2026-01-01 00:30:06,70.716,0.4584,29.231,1474.8
2026-01-01 00:30:07,69.999,0.508,29.88,1507.8
2026-01-01 00:30:08,70.06,0.4951,29.55,1502.3
2026-01-01 00:30:09,71.441,0.5202,29.191,1507.5
2026-01-01 00:30:10,67.071,0.5134,31.514,1509.4
2026-01-01 00:30:11,67.039,0.4848,30.373,1481.3
2026-01-01 00:30:12,70.411,0.4737,30.458,1480.5
2026-01-01 00:30:13,69.989,0.4877,30.707,1514.3
2026-01-01 00:30:14,70.255,0.5574,30.617,1487.4
2026-01-01 00:30:15,69.307,0.4634,29.67,1445.0
2026-01-01 00:30:16,70.997,0.4969,30.218,1513.0
2026-01-01 00:30:17,71.399,0.5092,29.785,1479.3
2026-01-01 00:30:18,70.726,0.578,30.351,1509.3
2026-01-01 00:30:19,69.609,0.485,30.273,1527.9
2026-01-01 00:30:20,66.838,0.5479,29.694,1500.3
2026-01-01 00:30:21,71.154,0.5616,28.937,1519.9
2026-01-01 00:30:22,71.833,0.4968,30.117,1503.1
2026-01-01 00:30:23,70.967,0.4895,29.837,1531.7
2026-01-01 00:30:24,68.681,0.4835,28.488,1478.8
2026-01-01 00:30:25,71.011,0.4872,30.406,1499.8
2026-01-01 00:30:26,71.291,0.5427,30.772,1513.5
2026-01-01 00:30:27,72.338,0.5116,32.023,1496.2
2026-01-01 00:30:28,68.686,0.5118,29.687,1523.0
2026-01-01 00:30:29,69.66,0.4437,29.569,1491.4
2026-01-01 00:30:30,71.121,0.4516,29.112,1541.4
2026-01-01 00:30:31,70.086,0.6072,30.167,1542.4
2026-01-01 00:30:32,68.324,0.4911,30.162,1505.6
2026-01-01 00:30:33,70.622,0.4613,29.351,1511.1
2026-01-01 00:30:34,70.868,0.5716,29.86,1523.8
2026-01-01 00:30:35,70.132,0.5141,28.417,1476.3
2026-01-01 00:30:36,70.329,0.5289,30.741,1473.8
2026-01-01 00:30:37,69.612,0.4931,29.383,1525.1
2026-01-01 00:30:38,72.217,0.4841,29.972,1505.5
2026-01-01 00:30:39,68.649,0.4915,28.859,1495.5
2026-01-01 00:30:40,69.119,0.4309,29.534,1500.2
2026-01-01 00:30:41,70.016,0.4956,29.776,1452.3
2026-01-01 00:30:42,71.318,0.5148,29.991,1496.2
2026-01-01 00:30:43,67.754,0.5925,30.384,1484.9
2026-01-01 00:30:44,68.035,0.5043,31.151,1518.4
2026-01-01 00:30:45,66.943,0.3833,30.586,1519.9
2026-01-01 00:30:46,70.049,0.4953,30.77,1511.5
2026-01-01 00:30:47,68.323,0.637,31.157,1507.9
2026-01-01 00:30:48,69.423,0.5433,30.456,1470.1
2026-01-01 00:30:49,70.992,0.4595,29.971,1511.8
2026-01-01 00:30:50,90.681,1.5148,25.382,1512.6
2026-01-01 00:30:51,70.347,0.4629,30.858,1524.9
2026-01-01 00:30:52,69.551,0.4323,30.519,1542.4
2026-01-01 00:30:53,71.008,0.4826,28.836,1466.1
2026-01-01 00:30:54,70.713,0.5046,29.327,1492.2
2026-01-01 00:30:55,68.962,0.4064,29.78,1485.2
2026-01-01 00:30:56,69.747,0.4425,30.624,1503.5
2026-01-01 00:30:57,71.566,0.5005,29.983,1500.3
2026-01-01 00:30:58,70.59,0.4796,30.909,1495.3
2026-01-01 00:30:59,67.905,0.5197,31.052,1520.6
2026-01-01 00:31:00,70.983,0.4393,30.959,1478.0
2026-01-01 00:31:01,68.373,0.5357,30.964,1479.2
2026-01-01 00:31:02,72.119,0.4408,29.17,1479.5
2026-01-01 00:31:03,71.536,0.5821,30.386,1492.8
2026-01-01 00:31:04,70.435,0.4142,29.514,1475.4
2026-01-01 00:31:05,70.236,0.4454,28.681,1499.0
2026-01-01 00:31:06,69.686,0.5209,29.77,1496.7
2026-01-01 00:31:07,71.018,0.5832,31.06,1484.3
2026-01-01 00:31:08,69.444,0.5158,30.369,1517.5
2026-01-01 00:31:09,70.353,0.5281,31.614,1498.8
2026-01-01 00:31:10,71.308,0.5009,30.142,1521.3
2026-01-01 00:31:11,69.157,0.4487,31.958,1496.1
2026-01-01 00:31:12,69.076,0.4755,30.142,1499.5
2026-01-01 00:31:13,68.208,0.4394,30.018,1488.7
2026-01-01 00:31:14,68.403,0.4361,28.976,1499.9
2026-01-01 00:31:15,67.257,0.5201,30.888,1514.2
2026-01-01 00:31:16,71.095,0.4438,29.598,1491.8
2026-01-01 00:31:17,72.713,0.516,29.482,1510.4
2026-01-01 00:31:18,72.138,0.4349,31.025,1483.7
2026-01-01 00:31:19,67.561,0.5148,30.927,1515.2
2026-01-01 00:31:20,71.087,0.4756,30.906,1488.4
2026-01-01 00:31:21,72.133,0.5703,29.71,1517.0
2026-01-01 00:31:22,69.315,0.5162,29.959,1501.2
2026-01-01 00:31:23,70.152,0.5618,29.952,1530.4
2026-01-01 00:31:24,66.988,0.4622,30.626,1476.9
2026-01-01 00:31:25,70.4,0.5028,31.243,1470.5
2026-01-01 00:31:26,68.405,0.4509,30.295,1487.7
2026-01-01 00:31:27,70.299,0.4793,31.58,1472.3
2026-01-01 00:31:28,67.658,0.4869,30.718,1472.3
2026-01-01 00:31:29,70.814,0.4637,29.812,1512.4
2026-01-01 00:31:30,71.537,0.4392,30.663,1499.9
2026-01-01 00:31:31,68.825,0.4293,31.365,1490.4
2026-01-01 00:31:32,68.295,0.383,31.599,1492.3
2026-01-01 00:31:33,66.766,0.4472,30.95,1488.1
2026-01-01 00:31:34,69.6,0.5314,30.021,1533.0
2026-01-01 00:31:35,69.128,0.4201,29.827,1485.3
2026-01-01 00:31:36,67.673,0.4316,30.461,1473.6
2026-01-01 00:31:37,70.68,0.5895,31.339,1515.9
2026-01-01 00:31:38,69.325,0.4682,30.347,1495.7
2026-01-01 00:31:39,68.386,0.5161,30.364,1540.8
2026-01-01 00:31:40,69.168,0.5321,30.041,1489.5
2026-01-01 00:31:41,71.607,0.5331,29.738,1516.9
2026-01-01 00:31:42,70.904,0.4239,29.87,1521.6
2026-01-01 00:31:43,69.805,0.4884,30.108,1489.6
2026-01-01 00:31:44,70.929,0.4191,31.374,1485.1
2026-01-01 00:31:45,68.259,0.6223,29.808,1514.8
2026-01-01 00:31:46,70.049,0.4203,30.042,1511.5
2026-01-01 00:31:47,70.221,0.4476,29.308,1471.8
2026-01-01 00:31:48,69.295,0.448,30.573,1477.4
2026-01-01 00:31:49,70.653,0.4252,31.093,1449.3
2026-01-01 00:31:50,68.829,0.5676,31.3,1511.9
2026-01-01 00:31:51,70.765,0.6211,30.163,1494.8
2026-01-01 00:31:52,92.65,1.4565,25.505,1496.8
2026-01-01 00:31:53,65.624,0.434,29.877,1466.2
2026-01-01 00:31:54,71.785,0.3882,30.422,1478.0
2026-01-01 00:31:55,65.429,0.4878,30.251,1490.4
2026-01-01 00:31:56,69.076,0.4842,30.047,1486.6
2026-01-01 00:31:57,71.538,0.4674,30.11,1502.4
2026-01-01 00:31:58,69.524,0.5111,30.362,1511.7
2026-01-01 00:31:59,67.801,0.5198,29.765,1545.4
2026-01-01 00:32:00,68.359,0.5162,29.806,1499.6
2026-01-01 00:32:01,71.54,0.4842,31.366,1522.3
2026-01-01 00:32:02,67.118,0.4449,32.168,1483.4
2026-01-01 00:32:03,71.693,0.5333,29.037,1466.5
2026-01-01 00:32:04,69.917,0.5006,28.992,1493.0
2026-01-01 00:32:05,68.211,0.5444,29.234,1468.0
2026-01-01 00:32:06,69.125,0.5395,29.917,1500.3
2026-01-01 00:32:07,68.474,0.4289,30.717,1484.4
2026-01-01 00:32:08,71.299,0.4283,30.473,1460.9
2026-01-01 00:32:09,71.099,0.4622,30.138,1534.7
2026-01-01 00:32:10,67.421,0.4472,30.423,1489.2
2026-01-01 00:32:11,69.395,0.5378,29.446,1467.2
2026-01-01 00:32:12,68.705,0.5176,29.805,1518.0
2026-01-01 00:32:13,71.94,0.555,29.984,1485.4
2026-01-01 00:32:14,67.975,0.5198,28.733,1521.8
2026-01-01 00:32:15,72.406,0.5104,29.071,1485.3
2026-01-01 00:32:16,93.493,1.7803,21.457,1489.2
2026-01-01 00:32:17,68.257,0.5235,30.611,1506.9
2026-01-01 00:32:18,68.984,0.5034,30.196,1511.9
2026-01-01 00:32:19,68.798,0.574,30.489,1515.4
2026-01-01 00:32:20,86.048,1.8799,19.39,1498.2
2026-01-01 00:32:21,70.142,0.4848,28.813,1510.6
2026-01-01 00:32:22,68.158,0.4581,30.531,1514.9
2026-01-01 00:32:23,66.729,0.5352,27.777,1504.0
2026-01-01 00:32:24,69.43,0.5619,30.98,1497.1
2026-01-01 00:32:25,67.296,0.4975,28.541,1471.1
2026-01-01 00:32:26,68.872,0.5654,30.675,1512.0
2026-01-01 00:32:27,68.636,0.4015,29.289,1500.8
2026-01-01 00:32:28,68.693,0.4972,30.839,1491.7
2026-01-01 00:32:29,73.001,0.498,32.567,1525.6
2026-01-01 00:32:30,70.085,0.4637,28.181,1471.4
2026-01-01 00:32:31,70.368,0.6192,30.556,1532.9
2026-01-01 00:32:32,67.335,0.4967,28.553,1499.6
2026-01-01 00:32:33,69.019,0.4796,30.341,1506.4
2026-01-01 00:32:34,70.323,0.5013,29.835,1492.1
2026-01-01 00:32:35,68.463,0.3999,30.104,1466.7
2026-01-01 00:32:36,71.362,0.462,29.271,1497.2
2026-01-01 00:32:37,68.196,0.5492,30.624,1506.7
2026-01-01 00:32:38,69.57,0.4686,28.841,1513.5
2026-01-01 00:32:39,69.121,0.4586,30.993,1496.0
2026-01-01 00:32:40,70.246,0.5655,29.673,1456.1
2026-01-01 00:32:41,69.039,0.567,28.878,1469.2
2026-01-01 00:32:42,69.594,0.5258,31.276,1541.0
2026-01-01 00:32:43,69.646,0.4772,29.946,1478.1
2026-01-01 00:32:44,68.898,0.488,31.526,1528.5
2026-01-01 00:32:45,70.728,0.4598,30.977,1481.3
2026-01-01 00:32:46,70.358,0.4503,29.361,1496.4
2026-01-01 00:32:47,69.867,0.4478,29.932,1512.5
2026-01-01 00:32:48,69.354,0.4691,30.097,1483.6
2026-01-01 00:32:49,92.181,1.1986,21.027,1531.8
2026-01-01 00:32:50,69.646,0.4218,30.35,1501.5
2026-01-01 00:32:51,69.54,0.511,30.141,1509.2
2026-01-01 00:32:52,70.157,0.5117,29.84,1494.6
2026-01-01 00:32:53,72.545,0.585,29.96,1513.2
2026-01-01 00:32:54,67.989,0.4666,31.044,1531.6
2026-01-01 00:32:55,71.155,0.5148,30.003,1497.4
2026-01-01 00:32:56,67.16,0.5156,29.684,1534.6
2026-01-01 00:32:57,70.326,0.4873,29.548,1487.8
2026-01-01 00:32:58,72.363,0.5372,29.557,1515.3
2026-01-01 00:32:59,70.733,0.5388,28.878,1509.8
2026-01-01 00:33:00,70.256,0.5164,29.4,1478.6
2026-01-01 00:33:01,69.159,0.4872,31.199,1504.3
2026-01-01 00:33:02,70.047,0.4821,29.835,1500.1
2026-01-01 00:33:03,69.622,0.4316,30.564,1482.9
2026-01-01 00:33:04,68.821,0.4597,28.017,1507.2
2026-01-01 00:33:05,69.565,0.4689,30.455,1502.9
2026-01-01 00:33:06,70.298,0.4438,29.871,1498.5
2026-01-01 00:33:07,68.849,0.522,29.615,1498.6
2026-01-01 00:33:08,68.791,0.5598,30.145,1498.2
2026-01-01 00:33:09,67.96,0.4546,29.603,1492.6
2026-01-01 00:33:10,70.586,0.5142,28.301,1502.8
2026-01-01 00:33:11,70.818,0.4483,30.738,1487.1
2026-01-01 00:33:12,70.347,0.4848,30.194,1553.1
2026-01-01 00:33:13,71.448,0.4655,29.749,1471.8
2026-01-01 00:33:14,70.132,0.5301,29.227,1488.3
2026-01-01 00:33:15,97.488,1.9995,17.804,1489.9
2026-01-01 00:33:16,70.456,0.5506,30.179,1540.8
2026-01-01 00:33:17,69.863,0.4877,31.291,1473.6
2026-01-01 00:33:18,69.204,0.4675,30.163,1508.5
2026-01-01 00:33:19,73.321,0.4373,28.894,1505.0
